:020000040800F2
:10000000700D00209D010008B13600089F300008E7
:10001000AD3600082D0E0008E54500080000000080
:10002000000000000000000000000000D13C0008BB
:10003000D90F000800000000893A0008D33C0008EE
:10004000B7010008B7010008B7010008B7010008B0
:10005000B7010008B7010008B7010008B7010008A0
:10006000B7010008B7010008DB0F0008B70100085E
:10007000B7010008B7010008B7010008B701000880
:10008000310E0008410E0008B7010008B701000852
:10009000B7010008B7010008B7010008E50F000824
:1000A000B7010008B7010008B7010008B701000850
:1000B000B7010008B7010008B7010008B701000840
:1000C000B7010008B7010008B7010008B701000830
:1000D000B70100087D4400088D440008B7010008FE
:1000E000B7010008B7010008B7010008B701000810
:1000F000B7010008B7010008B7010008B701000800
:10010000B7010008B7010008B7010008B7010008EF
:10011000B7010008B7010008B7010008B7010008DF
:10012000B7010008B7010008510E0008B701000828
:10013000B7010008B7010008B7010008B7010008BF
:10014000B7010008B7010008B7010008B7010008AF
:10015000B7010008B7010008610E0008B7010008E8
:10016000B7010008B7010008B7010008B70100088F
:10017000B7010008B7010008B7010008000000003F
:10018000B7010008B7010008DFF80CD000F09AFBB7
:100190000048004759500008700D0020064880476D
:1001A00006480047FEE7FEE7FEE7FEE7FEE7FEE75C
:1001B000FEE7FEE7FEE7FEE7913D00088901000843
:1001C0002DE9F05F0546002092469B46884606468C
:1001D000814640241BE0284641464746224600F01F
:1001E000EAF853465A46C01A914110D311461846B0
:1001F000224600F0D1F82D1A67EB01084F4622463F
:100200000120002100F0C8F817EB00094E41201E24
:10021000A4F10104DFDC484631462A464346BDE8E6
:10022000F09F40EA01039B0703D009E008C9121FB1
:1002300008C0042AFAD203E011F8013B00F8013BA0
:10024000521EF9D27047D2B201E000F8012B491ECC
:10025000FBD270470022F6E710B513460A46044663
:100260001946FFF7F0FF204610BD30B505462A4677
:100270000B4612F8010B13F8014B08B1A042F8D05D
:100280001CB1002802D06D1CF1E7284630BDCAB26F
:10029000401E10F8011F8A4202D00029F9D1002027
:1002A0007047421C10F8011B0029FBD1801A7047CF
:1002B00070B50F4D00B92868002412E00A4602E02C
:1002C0009E4203D0521C1378002BF9D1DAB222439C
:1002D00005D02BB124B1002100F8011B04E0044635
:1002E000401C0678002EE9D12860204670BD000031
:1002F0007000002070B5064604F0B6F904680546A3
:100300000A220021304600F0B5F82C6070BD00F0E4
:10031000004230F000400AD0C10D01F56071C0F319
:10032000160042EA0151C2084007114370470020FD
:100330000146704701F0004330B421F0004150EA1B
:10034000010206D00A0DA2F56072C1F31301002A62
:1003500002DC30BC00207047440F44EAC104C100F5
:10036000E01830BC00EBC25000F0BCB830B50B4612
:10037000014600202022012409E021FA02F59D42D5
:1003800005D303FA02F5491B04FA02F52844151EA9
:10039000A2F10102F1DC30BD202A04DB203A00FA90
:1003A00002F1002070479140C2F1200320FA03F3CC
:1003B000194390407047202A04DB203A21FA02F0CA
:1003C0000021704721FA02F3D040C2F1200291408F
:1003D00008431946704700000FB4002300B589B0E8
:1003E0000CA900910B996FF00042CB601E4B069355
:1003F0001E4B07930423CDE901321D4A08920246A1
:100400006B46002000F010FB09B05DF814FB70B5DE
:1004100086B006464FF0FF300091CDE90101002083
:1004200015460C4604903246694604A8FFF7D4FFEF
:1004300002460498211825B108B1084600E020467C
:100440002860049800280DD0002A02DD0098884218
:1004500008D0081B0094CDE901043246694604A87F
:10046000FFF7BAFF06B070BD610C00087F0C0008F2
:10047000150900082DE9F04791460F4680460446CD
:10048000002614F8015B2DB100F040FA0068405DD1
:10049000C007F6D12B2D02D02D2D18D0641E4A4650
:1004A0003946204600F0FCFB27B13968A14201D152
:1004B000C7F8008071054FF002040BD540420028B8
:1004C00003DD04F0D1F80460A007BDE8F08746F42E
:1004D0008066E4E70028F8DA04F0C6F804606FF0FC
:1004E0000040F2E70029A8BF7047401C490008BF40
:1004F00020F00100704710B4B0FA80FC00FA0CF054
:1005000050EA010404BF10BC704749B1CCF120048B
:1005100021FA04F411FA0CF118BF01212143084318
:10052000A3EB0C01CB1D4FEA00614FEA102042BF44
:10053000002010BC704700EBC35010440029A4BF3A
:1005400010BC7047401C490008BF20F0010010BCDF
:1005500070472DE9FE4F804681EA0300C00F0C462C
:10056000009021F0004123F00045B8EB0200A941C2
:1005700005D24046214690461C460B46024623F0D3
:100580000040104347D0270DC7F30A00C3F30A51B8
:100590000290401A019040286BDAC3F3130040F434
:1005A000801B0098924620B10023D2EB030A63EB34
:1005B0000B0B01985946C0F140025046FFF7ECFE84
:1005C00006460D4650465946019A00F08DF910EB4B
:1005D00008006141002487EA115284EAE7731A4354
:1005E00040D0009A62B3019A012A4FEA075215DC03
:1005F000001B61EB02014FF0004202EA0752CDE915
:100600000042001C41F5801132462B4600F0A6FB4B
:1006100003B0BDE8F08F40462146F9E7001B61EBCF
:100620000201001C41F5801300185B412018A2F55F
:10063000001747EB030140EAD570B6196D4111E090
:100640006D084FEA360645EAC0754FEA0752001BAF
:1006500061EB0201001C41F5801149084FEA3000AE
:100660000019514132462B4603B0BDE8F04F00F06F
:1006700066BB0098012240000023D0EB020263EB2E
:10068000E073009821464FEAE074B8EB000061EB9C
:100690000401E9E783F000435BE781F0004158E79C
:1006A0002DE9FE4F81EA030404F0004421F00041EB
:1006B00000944FF0000B23F0004350EA01045ED099
:1006C00052EA03045BD0C3F30A54C1F30A552C4425
:1006D000A4F2F3340194A0FB0254C1F3130141F4DA
:1006E0008011C3F3130343F4801301FB024400FBA6
:1006F000034E840A970A44EA815447EA8357A4FBCD
:10070000076802958D0A05FB07854FEA932C04FBC9
:100710000C542705029D4FEA065847EA1637B5EBF9
:1007200008056EEB070C870E920E47EA811742EA26
:100730008312A7FB0201B6EB0B0164EB00042B0D47
:1007400043EA0C335E1844EB1C50DA465146E7FB93
:100750000201C5F313044FEA0B3343EA14534FEA83
:100760000432019C43EA0603A4F10C040294009CA9
:10077000CDE900B400F0F2FA03B0BDE8F08F00203C
:100780000146F9E72DE9F04D81EA030404F0004B3E
:1007900021F0004514464FF0000A23F0004150EAD2
:1007A000050220D054EA01021DD0C5F30A570246C3
:1007B000C5F31303C1F31300C1F30A5640F48015C7
:1007C00043F48013A7EB0608101BD64608F2FD3849
:1007D00073EB050002D308F1010801E092185B41B8
:1007E000B8F1000F03DA00200146BDE8F08D0020CB
:1007F0004FF48011064684460EE0171B73EB050785
:1008000005D3121B63EB050306434CEA010C4908B0
:100810004FEA300092185B4150EA0107EDD152EAED
:10082000030012D082EA040083EA0501084305D0E0
:10083000101BAB4106D20122002306E000224FF03C
:10084000004302E06FF0010253101AEB06004CEB7C
:10085000085110EB0A0041EB0B01BDE8F04D00F030
:100860006EBAC1F30A52C1F3130140F2FF3341F4EF
:1008700080119A4202DA00200146704740F2334369
:100880009A42A2F2334202DC5242FFF794BDFFF7D4
:1008900083BD000030B5041E71F1000404DB4FF08D
:1008A0000044404264EB0101141E73F1000405DBB7
:1008B0001C464FF00043524263EB0403994208BFC9
:1008C000904230BD064C074D06E0E06840F0010361
:1008D00094E8070098471034AC42F6D3FFF758FC71
:1008E00010C5000830C50008202A06DBCB17203AC7
:1008F00041FA02F043EAE07306E041FA02F3D04025
:10090000C2F12002914008431946704700487047E1
:100910000CC5000810B50446FFF7F8FF0068005D3D
:1009200000F0010010BD00002DE9FF4F087881B0F4
:100930009946FF2805D0491C2D2804D00024002307
:1009400008E000230BE00124F9E703EB830300EB4D
:100950004303491C0878FF28F7D104B15B4200200B
:100960000090147801462D2C01D02B2C04D1521C60
:100970002D2C12D00024009400251678FF2E0ED0C6
:100980000A24A0FB04C801FB0481002700FB071117
:10099000521C16EB0C006941EFE70124EBE7994488
:1009A00050EA01020ED00024AA4D2646DFF8A882A4
:1009B00000F030FA82468B46B9F1000009DAC9F13D
:1009C00000071BE001980021C0E9001105B0BDE857
:1009D000F08F074612E0F80707D022462B46304634
:1009E0004146FFF75DFE0646884622462B461046E6
:1009F0001946FFF755FE04460D467F10002FEAD139
:100A0000B9F1000F324643465046594602DAFFF725
:100A1000B9FE01E0FFF744FE009A0AB181F00041FF
:100A2000019AC2E90001D1E72DE9FF4F1F468DB0C1
:100A3000D7E901464FF0FF382E2045464FF0000918
:100A40000B90B9696D1C0E988847396A82468847B1
:100A50000028F6D1BAF1FF3F0AD024F4D064002E6A
:100A600011DDBAF12B0F08D0BAF12D0F0BD102E036
:100A7000404611B0ABE744F48064B9696D1C0E9830
:100A800088478246761E6946600501D52D2000E024
:100A90002B208DF8000001F1010B0DF1200809E079
:100AA000B9696D1C0E98884782460F9844F400740B
:100AB000761E0560002E02DDBAF1300FF0D00B99E2
:100AC0008A453ED144F0800406E00F99681CA9F1E4
:100AD000010944F400740860B9696D1C761E0E9813
:100AE000884782463028F0D02BE00B998A4505D103
:100AF000200603D444F08004761E18E0504603F02C
:100B0000B1FE08B30DF11301761E44F400748B4559
:100B100008D2AAF130000BF8010B200607D5A9F185
:100B2000010003E0200602D409F101008146A0057E
:100B300002D50F99681C0860B9696D1C0E9888472A
:100B40008246002ED1DC53E0002E51DDBAF1650F54
:100B500002D0BAF1450F4BD1A00549D5B9696D1C3A
:100B600024F44074761E0E9888478246002E0CDDD1
:100B70002B2804D0BAF12D0F07D144F48074B96941
:100B80006D1C0E9888478246761EE00501D52D2102
:100B900000E02B2108F8011BCDF82C8021E00DF19D
:100BA0002901761E44F4007488450CD2AAF1300065
:100BB00010F0FF0088F8000002D10B99884509D990
:100BC00008F1010806E0E00501D5244801E042F201
:100BD0000F708146B9696D1C0E98884782460F9840
:100BE0000560002E04DD504603F03CFE0028D6D1FF
:100BF000F9690E988847FF208BF8000088F80000FC
:100C00000020069007904B466A4608A906A8FFF701
:100C10008BFEA00502D46FF001002AE714F0240F28
:100C20000AD0E00714D1DDE906123868031D3B60E5
:100C30000068C0E900120BE0DDE90601FFF77AFB6E
:100C40000146E00704D13868021D3A60006801607F
:100C500028460EE7000024400000F03FF1D8FFFFD7
:100C6000426842B1016811F8013B23B1521EC0E94C
:100C70000012184670470121C160881E7047426803
:100C80005AB1C368016843B983688B4205D0491ED5
:100C9000521CC0E90012002070474FF0FF3070472F
:100CA0002DE9F05F82460078002715468B460AF151
:100CB0000104B946302801D09DB113E014F8010BAE
:100CC0000127782803D0582801D045B10AE00DB19A
:100CD000102D07D10027102514F8010B02E008257C
:100CE00000E00A250026B0460EE005FB080005FBE3
:100CF00006F1012701EB10461FFA80F8B6F5803F98
:100D000000D3B94614F8010B294600F075F8002805
:100D1000EBDABBF1000F05D00FB1641E00E05446C2
:100D2000CBF80040B9F1000F06D003F09DFC022182
:100D30000160C81EBDE8F09F48EA0640FAE710B51A
:100D4000141E73F1000408DA401C41F100019218EE
:100D50005B411A4301D120F0010010BD2DE9F04D97
:100D600092469B4611B1B1FA81F202E0B0FA80F2EC
:100D700020329046FFF710FB04460F4640EA0A0077
:100D800041EA0B0153465A46084313D0114653EA31
:100D9000010019D0C8F140025046FFF70CFB054690
:100DA0000E46504659464246FFF7F6FA084305D02C
:100DB000012004E020463946BDE8F08D00200543BF
:100DC00046EAE0762C4337430A986305E40AA0EB31
:100DD00008000022FD0A44EA47540A3002D50020E8
:100DE0000146E9E7010510196941DDE908450019E7
:100DF0006941BDE8F04DA2E73A2800D2303820F032
:100E00002002412A01D3A2F13700884201D34FF0DA
:100E1000FF3070470EB540F2334202920022CDE916
:100E200000221346FFF79AFF03B000BD00BFFEE7A4
:100E300010B5024800F08EFA10BD000098020020A4
:100E400010B5024800F086FA10BD0000F80200203C
:100E500010B5024800F07EFA10BD0000D801002055
:100E600010B5024800F076FA10BD000038020020EC
:100E70000146087810381823B0FBF3F20848805C6C
:100E8000C865032A05D908686FF30900001D886545
:100E900003E008686FF309008865886D70470000FB
:100EA000F4510008014600208A6A8B69CBB932B13F
:100EB000012A0DD0022A03D0032A10D10EE000BF70
:100EC000CB6A03F08073B3F1807F00D1012007E08B
:100ED000CB6AB3F1C07F00D1012001E000E000BF88
:100EE00034E08B69B3F5005F1AD132B1012A07D023
:100EF000022A03D0032A11D10AE000BF01200EE02C
:100F0000CB6A03F08073B3F1807F00D1012006E04B
:100F1000CB6AB3F1C07F00D1012000E000BF15E033
:100F200032B1012A05D0022A04D0032A0CD103E0F1
:100F300000BF00BF012008E0CB6A03F08073B3F16B
:100F4000807F00D1012000E000BF00BF704730B5B6
:100F50000468246824F4802405682C6004686360B5
:100F60008468402C04D10468A2600468E16003E056
:100F70000468A1600468E26030BD0000F0EE400A41
:100F8000DFED131A80EEA12AFDEEC21A11EE901ABF
:100F900064224A4301EE902AF8EEE11A70EEE11A5B
:100FA000B0EE611ADFED0B1A81EE212A01EE901AE4
:100FB000F8EEE11A72EE211AB0EE610A532801D060
:100FC000572803D1F1EE401AB0EE610A70470000D5
:100FD0000000C84200007042704710B5102000F0B9
:100FE000E3FB10BD10B5202000F0DEFB402000F038
:100FF000DBFB802000F0D8FB10BD72B600BFFEE71F
:1010000010B50246B02A05DBF72A03DCA12901DB73
:10101000FE2902DD4FF6FF7010BDA1F1A100A2F183
:10102000B003C3EB031404EB431300EB430080B2A3
:10103000F2E770B504460D4641F66F20844201D9AF
:10104000012070BD4FF4801000EB44162022314681
:10105000284602F01BFD0020F3E708B504229104A6
:10106000684602F013FD9DF80000FF280BD19DF8A3
:101070000100FF2807D19DF80200FF2803D19DF849
:101080000300FF2801D0012008BD0020FCE700007C
:10109000014890ED020A704758070020014890ED82
:1010A000010A70475807002010B514210448FFF7C3
:1010B000D1F84FF480620349034801F099FB10BD59
:1010C0005807002058030020480100202DE9F04F68
:1010D0002DED048BA1B081469FED620AB0EE408AEF
:1010E0009FED600AF0EE408A4FF04E0A4FF0450B3C
:1010F0005DA14846FFF7B9F8054625B95CA1484609
:10110000FFF7B3F8054625B921B0BDEC048BBDE867
:10111000F08F0A212846FFF7BAF807460FB1781B6F
:1011200002E02846FFF7BDF88046B8F1800F01D3F2
:101130004FF07F084246294601A8FFF772F80020C9
:1011400001A901F8080001A8FFF7ABF8441E03E06D
:10115000002001A90855641E002C07DB01A8005DD2
:101160000D28F5D001A8005D0A28F1D042A101A800
:10117000FFF79EF80646002454E0A01E05284AD238
:10118000DFE800F003151C2E35003046FFF789F824
:1011900060B1304603F06CFAB0EE409AF0EE609A1F
:1011A00051EC190BFFF7C6F808EE100A33E0304691
:1011B000FFF777F808B196F800A02CE03046FFF76B
:1011C00070F860B1304603F053FAB0EE409AF0EE9A
:1011D000609A51EC190BFFF7ADF808EE900A1AE08F
:1011E0003046FFF75EF808B196F800B013E03046DD
:1011F000FFF757F870B13046FFF77CF8012804D0AC
:101200003046FFF777F8022801D1012000E00020E6
:101210001A49487400BF00BF17A10020FFF748F823
:101220000646641C0A2C01DA002EA6D1B5EEC08A4F
:10123000F1EE10FA07D05046B0EE480AFFF79EFED6
:101240000E4880ED020AF5EEC08AF1EE10FA07D0E2
:101250005846B0EE680AFFF791FE084880ED010A93
:1012600000BF51E70000000024474E4747410000FF
:1012700024475047474100002C0000005807002039
:1012800070B50446A56D00F0A5FB064694F8350040
:10129000022808D08020606500BF002084F8340058
:1012A00000BF012070BD2068006820F01600216892
:1012B00008602068406920F0800021684861206C47
:1012C00008B9A06C28B12068006820F008002168E7
:1012D00008602068006820F001002168086010E0C4
:1012E00000F078FB801B05280BD9202060650320C7
:1012F00084F8350000BF002084F8340000BF0320CC
:10130000D0E72068006800F001000028E8D194F8D8
:101310005C103F208840A860012084F8350000BFA1
:10132000002084F8340000BF00BFBBE7014691F8FD
:101330003500022803D08020486501207047052031
:1013400081F835000868006820F001000A68106024
:101350000020F3E7F8B50446002000908C480068B0
:101360004FF41651B0FBF1F7A56D2E6894F85C10A0
:1013700008208840304098B12068006800F00400E0
:1013800070B12068006820F004002168086094F8BB
:101390005C1008208840A860606D40F00100606526
:1013A00094F85C1001208840304068B120684069A2
:1013B00000F0800040B194F85C1001208840A860E3
:1013C000606D40F00200606594F85C100420884075
:1013D000304068B12068006800F0020040B194F825
:1013E0005C1004208840A860606D40F004006065D7
:1013F00094F85C1010208840304078B32068006872
:1014000000F0080050B394F85C1010208840A860E9
:101410002068006800F4802080B12068006800F433
:10142000002028B9206CC8B12046216C884715E0FF
:10143000A06C98B12046A16C88470FE02068006836
:1014400000F4807028B92068006820F00800216846
:101450000860206C10B12046216C884794F85C101D
:10146000202088403040002865D02068006800F0C7
:10147000100000285FD094F85C1020208840A860FD
:1014800094F83500052828D12068006820F016005F
:10149000216808602068406920F080002168486168
:1014A000206C08B9A06C28B12068006820F0080002
:1014B0002168086094F85C103F208840A8600120F3
:1014C00084F8350000BF002084F8340000BF206D90
:1014D00010B12046216D8847F8BD2068006800F4EF
:1014E000802080B12068006800F4002028B9606C7A
:1014F00010B12046616C88471DE0E06BD8B12046F2
:10150000E16B884717E02068006800F4807068B9D4
:101510002068006820F0100021680860012084F82D
:10152000350000BF002084F8340000BFE06B10B12C
:101530002046E16B8847606D38B3606D00F00100B4
:10154000F0B1052084F835002068006820F0010023
:101550002168086000BF0098401C0090B84200D984
:1015600005E02068006800F001000028F3D100BF0A
:10157000012084F8350000BF002084F8340000BF4B
:10158000E06C10B12046E16C884700BFA4E7000082
:101590000C0000202DE9F0410446002500F01AFA65
:1015A000074614B90120BDE8F081606A00B100BFB0
:1015B000022084F8350000BF002084F8340000BF0A
:1015C0002068006820F00100216808600AE000F04F
:1015D00001FAC01B052805D920206065032084F886
:1015E0003500E0E72068006800F001000028EED137
:1015F0002068056821480540D4E901010843E168F5
:1016000008432169084361690843A1690843E16906
:101610000843216A08430543606A042803D1D4E9DA
:101620000B0108430543206805602068456925F0E3
:101630000705606A0543606A04280DD1A06A054366
:10164000E06A48B12046FFF72DFC28B140206065D4
:10165000012084F83500A6E7206845612046FFF7A1
:1016600007FC064694F85C103F208840B0600020DC
:101670006065012084F83500002094E73F8010F079
:101680002DE9F04704460D4616461F464FF0000868
:10169000D4F8589000BF94F83400012802D10220F9
:1016A000BDE8F087012084F8340000BF94F83500CD
:1016B000012825D1022084F83500002060653B46D2
:1016C000324629462046FFF742FC94F85C103F2042
:1016D0008840C9F808002068006840F016002168BA
:1016E0000860206C28B12068006840F0080021687C
:1016F00008602068006840F001002168086006E08A
:1017000000BF002084F8340000BF4FF002084046BC
:10171000C6E7000070B5044600F05CF906462546B1
:10172000681C10B104480078054400BF00F052F96D
:10173000801BA842FAD370BD0800002070B5054692
:1017400000F048F90646002425E004EB4400144963
:1017500031F81000A8421DD104EB440001EB400019
:101760004088301A1E2814D904EB44010C4A02EBBD
:1017700041014E8004EB440032F81010094800F09B
:101780001BF930B9601C04EB4401054A02EB41012E
:10179000087102E0641C042CD7DB00BF70BD0000A0
:1017A000580000200014024010B5044604480068A8
:1017B000204020B1024804602046FFF7BFFF10BD63
:1017C000143C0140F8B502460B46002500240020D9
:1017D0000021D6E0012606FA01F51E6806EA050496
:1017E000AC4274D11E7906F00306012E04D01E7996
:1017F00006F00306022E13D190684F000326BE4068
:10180000B0434F00DE68BE40304390605068012610
:101810008E40B0431E79C6F300168E4030435060B0
:101820001E7906F00306032E09D0D0684F00032668
:10183000BE40B0434F009E68BE403043D0601E792A
:1018400006F00306022E13D1CF0802F1200656F847
:1018500027004E07F70E0F26BE40B0434F07FF0E7E
:101860001E69BE403043CF0802F1200646F827002B
:1018700010684F000326BE40B0431E7906F00306F1
:101880004F00BE40304310605E6806F44036002EC4
:1018900076D000BF002600963C4E366846F480465F
:1018A0003A4F3E603E46366806F48046009600BFDA
:1018B00000BF374E8F0856F827008E07370F0F26C8
:1018C000BE40B043334EB24202D1002624E057E07E
:1018D000314EB24201D101261EE0304EB24201D15A
:1018E000022619E02E4EB24201D1032614E02D4EFD
:1018F000B24201D104260FE02B4EB24201D105269F
:101900000AE02A4EB24201D1062605E0284EB24234
:1019100001D1072600E008268F073F0FBE40304365
:101920001B4E8F0846F82700224E3068A0435E68A1
:1019300006F4801606B120431E4E3060361D306816
:10194000A0435E6806F4001606B12043194E361D0A
:101950003060184E361F3068A0435E6806F40036CB
:1019600006B12043134E361F3060361F3068A04347
:101970005E6806F4803606B120430E4E083E3060A5
:10198000491C1029FFF426AFF8BD0000443802407E
:1019900008380140000002400004024000080240F4
:1019A000000C0240001002400014024000180240E7
:1019B000001C0240083C0140024613690B400BB179
:1019C000012000E0002070470AB1816101E00B04B2
:1019D00083617047014800687047000000000020E4
:1019E00070B504460CB9012070BD94F83D0028B9CB
:1019F000002084F83C00204600F08CF9242084F874
:101A00003D002068006820F001002168086020681F
:101A1000006840F40040216808602068006820F4F5
:101A200000402168086000F05BFB05465C49606887
:101A3000884206D85B48854201D2012007E0002099
:101A400005E05948854201D2012000E0002001282C
:101A500000D1C9E75548B5FBF0F62068406820F092
:101A60003F003043216848604D496068884201D892
:101A7000701C07E04FF4967070434FF47A71B0FB1E
:101A8000F1F0401C2168096A21F03F0108432168F8
:101A9000086243496068884214D8681E616849003A
:101AA000B0FBF1F0401CC0F30B00042801D204206D
:101AB0003DE0681E61684900B0FBF1F0401CC0F3D6
:101AC0000B0034E0A06838B9681E616801EB410181
:101AD000B0FBF1F0401C0AE0681E616801EBC10236
:101AE00002EB0111B0FBF1F0401C40F48040C0F368
:101AF0000B0008B901201AE0A06848B9681E6168A7
:101B000001EB4101B0FBF1F0401CC0F30B000CE015
:101B1000681E616801EBC10202EB0111B0FBF1F03C
:101B2000401CC0F30B0040F4804040F400402168AA
:101B3000C9694CF6FF72914308432168C861D4E932
:101B4000070108432168096821F0C00108432168A2
:101B50000860D4E9031008432168896848F2FF321D
:101B60009143084321688860D4E90501084321684E
:101B7000C96821F0FF0108432168C8602068006837
:101B800040F001002168086000202064202084F8D3
:101B90003D000020206384F83E0000BF24E70000E1
:101BA000A086010080841E0000093D0040420F0015
:101BB0002DE9FC5F04460F4690469946DDE90CABE3
:101BC0000E9EFFF707FF054694F83D0020287DD1C3
:101BD000192301224D492046009501F024FB10B144
:101BE0000220BDE8FC9F00BF94F83C00012801D111
:101BF0000220F6E7012084F83C0000BF206800685E
:101C000000F0010028B92068006840F00100216858
:101C100008602068006820F40060216808602120C6
:101C200084F83D00402084F83E0000202064C4F881
:101C300024A0A4F82AB0608D20853548E0624B4688
:101C4000424639462046CDE9006501F049FA08B11F
:101C50000120C6E731E02A463146204601F0BFFBAD
:101C600050B1206C042805D12068006840F4007051
:101C7000216808600120B4E7606A00782168086183
:101C8000606A401C6062208D401E2085608D401E71
:101C9000608520684069C0F3800070B1208D60B11C
:101CA000606A007821680861606A401C6062208D6B
:101CB000401E2085608D401E6085208D0028CAD181
:101CC0002A463146204601F07BFA00E01CE050B184
:101CD000206C042805D12068006840F40070216859
:101CE000086001207DE72068006840F400702168EA
:101CF0000860202084F83D00002084F83E0000BFEA
:101D000084F83C0000BF6CE702206AE70200100084
:101D10000000FFFF10B586B00446142101A8FEF7AD
:101D200099FA1B49206888422FD100BF00200090FB
:101D30001848006840F0020016490860084600682C
:101D400000F00200009000BF00BFC02001901220F0
:101D5000029000200390032004900420059001A924
:101D60000D48FFF72FFD00BF0020009009481030FC
:101D7000006840F400100749103108600846006808
:101D800000F40010009000BF00BF06B010BD0000BE
:101D9000005400403038024000040240034800680C
:101DA0000349097808440149086070470000002091
:101DB0000800002010B50D48006840F400700B4981
:101DC00008600846006840F48060086008460068C3
:101DD00040F480700860032000F0A6F80F2000F0A7
:101DE00007F800F02BF8002010BD0000003C024076
:101DF00070B504460E4800784FF47A71B1FBF0F0EC
:101E00000C490968B1FBF0F5284600F0D7FC08B191
:101E1000012070BD102C07D200222146501E00F078
:101E200045F80548046001E00120F2E70020F0E7F2
:101E3000080000200C0000200400002008B500BFAE
:101E4000002000900E48006840F480400C49086073
:101E50000846006800F48040009000BF00BF00BF4B
:101E600000200090081F006840F08050091F0860A3
:101E70000846006800F08050009000BF00BF08BD19
:101E8000443802400146084600280DDB00BF00BF71
:101E900000F01F0301229A4043099B0003F1E02355
:101EA000C3F8002100BF00BF00BF70472DE9F05FFD
:101EB00080460D461646002702F0BAFB0746394613
:101EC0002A46334601F00700C0F1070ABAF1040FB1
:101ED00002D94FF0040A01E0C0F1070AD14600F12F
:101EE000040ABAF1070F02D24FF0000A01E0A0F194
:101EF000030AD4464FF0010A0AFA09FAAAF1010AC4
:101F00000AEA020A0AFA0CFA4FF0010B0BFA0CFB70
:101F1000ABF1010B0BEA030B4AEA0B0421464046E6
:101F200002F08EFBBDE8F09F00BF00F00702064BF9
:101F300019684FF6FF031940044B0B4343EA022193
:101F4000014B196000BF70470CED00E00000FA057E
:101F500070B504460D460CB9012070BD58480068A4
:101F600000F00700A84209D255490D7008460068E4
:101F700000F00700A84201D00120EEE7207800F031
:101F8000020002281DD1207800F00400042805D1A9
:101F90004C48006840F4E0504A490860207800F05E
:101FA0000800082805D14748006840F460404549CA
:101FB00008604448006820F0F000A16808434149E7
:101FC0000860207800F00100A8B36068012807D1FC
:101FD0003C4808380068C0F34040B8B90120BCE76D
:101FE0006068022802D06068032807D135480838A5
:101FF0000068C0F3406048B90120AEE731480838B6
:102000000068C0F3400008B90120A6E72D48006829
:1020100020F00300616808432A490860FFF7DAFCF2
:10202000064609E0FFF7D6FC801B41F28831884262
:1020300002D9032091E707E02248006800F00C0075
:102040006168B0EB810FEDD11D48006800F007001A
:10205000A84209D91A490D700846006800F0070027
:10206000A84201D0012078E7207800F0040004287D
:1020700007D11448006820F4E050E1680843114992
:102080000860207800F00800082808D10D48006892
:1020900020F46040216940EAC1000A49086000F06C
:1020A0003FF808490968C1F30311074A515CC84069
:1020B0000649086006480068FFF79AFE00204CE7D2
:1020C000003C024008380240FC5100080C0000208F
:1020D0000400002001480068704700000C00002048
:1020E00000B5FFF7F7FF04490968C1F38221034AED
:1020F000515CC84000BD0000083802400C52000886
:1021000000B5FFF7E7FF04490968C1F34231034A0C
:10211000515CC84000BD0000083802400C52000865
:102120002DE9F047002400250026A1462548006837
:1021300000F00C0020B1042805D008283AD105E0B1
:10214000DFF8849039E0DFF8849036E01D48001F06
:10215000006800F03F041B48001F006800F4800086
:1021600078B11A481749091F0968C1F38811A0FB03
:1021700001700146224600233846FEF721F8054645
:102180000EE011480F49091F0968C1F38811A0FB2F
:1021900001700146224600233846FEF711F8054635
:1021A0000848001F0068C0F30140401C4600B5FB12
:1021B000F6F902E0DFF8109000BF00BF4846BDE826
:1021C000F0870000083802400024F40000127A0072
:1021D000F8B504460CB90120F8BD207800F00100E4
:1021E000002874D0F948006800F00C0004280DD0D5
:1021F000F648006800F00C00082813D1F348001FCF
:10220000006800F48000B0F5800F0BD1EF4808386B
:102210000068C0F34040002859D06068002856D1BB
:102220000120D9E700BF6068B0F5803F08D1E748DA
:102230000838006840F48030E449083908601EE03E
:102240006068B0F5A02F0DD1E0480838006840F470
:102250008020DE49083908600846006840F4803074
:1022600008600CE0D9480838006820F48030D7496D
:10227000083908600846006820F48020086000BF24
:10228000606890B1FFF7A6FB054606E0FFF7A2FBEA
:10229000401B642801D903209EE7CC480838006819
:1022A000C0F340400028F1D011E0FFF793FB054652
:1022B00006E0FFF78FFB401B642801D903208BE762
:1022C000C24808380068C0F340400028F1D12078A7
:1022D00000F0020002285FD1BC48006800F00C004A
:1022E00058B1BA48006800F00C0008281CD1B74863
:1022F000001F006800F48000B0B9B44808380068D6
:10230000C0F3400020B1E068012801D0012063E75C
:10231000AE480838006820F0F800216940EAC100A2
:10232000AA490839086037E0E06800B30120A849ED
:102330000860FFF74FFB054606E0FFF74BFB401B2D
:10234000022801D9032047E7A04808380068C0F3F5
:1023500040000028F1D09D480838006820F0F800BF
:10236000216940EAC10099490839086014E0002059
:1023700097490860FFF72EFB054606E0FFF72AFBAA
:10238000401B022801D9032026E79048083800683E
:10239000C0F340000028F1D1207800F008000828A0
:1023A0002CD16069A8B101208A490860FFF712FBAF
:1023B000054606E0FFF70EFB401B022801D903206B
:1023C0000AE782486C300068C0F340000028F1D072
:1023D00014E000207F490860FFF7FCFA054606E09C
:1023E000FFF7F8FA401B022801D90320F4E67748EA
:1023F0006C300068C0F340000028F1D1207800F074
:102400000400042870D1002770483830006800F0BC
:10241000805090B900BF002000906C4838300068B0
:1024200040F080506949383108600846006800F083
:102430008050009000BF00BF01276748006800F48B
:102440008070B0B96448006840F4807062490860E8
:10245000FFF7C0FA054606E0FFF7BCFA401B02286A
:1024600001D90320B8E65C48006800F480700028B9
:10247000F2D000BFA068012808D154486830006835
:1024800040F001005149683108601DE0A06805284E
:102490000DD14E486830006840F004004B49683167
:1024A00008600846006840F0010008600CE04748FA
:1024B0006830006820F0010044496831086008462F
:1024C000006820F00400086000BFA068A8B1FFF712
:1024D00081FA054609E0FFF77DFA401B41F2883199
:1024E000884202D9032077E626E038486830006841
:1024F000C0F340000028EED013E0FFF76BFA05466A
:1025000008E0FFF767FA401B41F28831884201D9A1
:10251000032061E62D4868300068C0F340000028C1
:10252000EFD1012F07D129483830006820F08050C2
:1025300026493831086000BFA069002845D02348EB
:10254000006800F00C0008285DD0A069022845D181
:1025500000201F490866FFF73DFA054606E0FFF731
:1025600039FA401B022801D9032035E617480838FC
:102570000068C0F340600028F1D1D4E907010843A6
:10258000616A40EA81110122A06AC2EB500041EA6F
:1025900000412C20005D41EA00600C49091F0860E1
:1025A00001200B490866FFF715FA054606E0FFF71C
:1025B00011FA401B022801D903200DE60348083810
:1025C0000068C0F340600028F1D049E008380240BC
:1025D00000004742800E4742007000400020214921
:1025E0000866FFF7F7F9054606E0FFF7F3F9401B29
:1025F000022801D90320EFE51B480068C0F34060C2
:102600000028F2D12CE0A069012800D1E4E51648A9
:10261000001D0668A069012820D006F48001E06949
:1026200081421BD106F03F01206A814216D147F654
:10263000C0703040616AB0EB811F0FD106F44031A9
:102640000122A06AC2EB5000B1EB004F06D106F0A8
:1026500070612C20005DB1EB006F01D00120BBE563
:102660000020B9E5000047420038024010B504469A
:102670000CB9012010BD606A38B96068B0F5827F7E
:1026800000D105E00021E16102E0002121616161EA
:102690000021A16294F8510028B9002084F850006C
:1026A000204600F047F8022084F8510020680068B6
:1026B00020F0400021680860A08800F48270218921
:1026C00001F404410843A18901F400610843217C1D
:1026D00001F002010843217D01F001010843218B33
:1026E00001F400710843217F01F0380108432021E3
:1026F000095D01F080010843218D01F40051084378
:10270000216808600421A06901EA104094F82410AF
:1027100001F010010843216848602068C06920F476
:1027200000602168C86100206065012084F85100C4
:1027300000209FE710B586B00446142101A8FDF7DC
:1027400089FD1B49206888422FD100BF00200090DE
:102750001848006840F48050164908600846006830
:1027600000F48050009000BF00BF00BF0020009028
:1027700010481438006840F002000E49143908600F
:102780000846006800F00200009000BF00BF38203B
:102790000190022002900020039003200490052065
:1027A000059001A90448FFF70DF806B010BD000020
:1027B00000300140443802400004024070B5044635
:1027C0002546681EB0F1807F01D301200FE0681E0E
:1027D0004FF0E02148610F214FF0FF3001F030FF52
:1027E00000204FF0E021886107200861002070BDC3
:1027F000F8B504460D46164694F8420020282DD11F
:1028000005B10EB90120F8BD0120206300206063EE
:1028100032462946204601F04FFD0746206B01282D
:1028200019D100BF00200090206800680090206847
:102830004068009000BF00BF00BF00BF21680C319E
:1028400051E8001F41F0100021680C3141E80002FE
:10285000002AF3D100E001273846D4E70220D2E76E
:10286000F0B52DED048BCBB006460C46FF2C01D203
:10287000204600E0FF2007463A463D490BA8FDF7F9
:10288000D0FC00200BA9C8554FF480623849394864
:10289000FFF7AEFF0BA8FEF719FC374930688842F6
:1028A00062D1012C16DD35480078742812D1601EE3
:1028B000FF2800DA00E0FF2085B22A462F49491C94
:1028C0002F48FDF7AEFC00202D49485501202D4929
:1028D00008703EE0002C3CDD28480078672838D19D
:1028E00029480078401C28490870084600780328C9
:1028F00001DB032008702548234A127800EBC20050
:1029000090ED010A10EE101A0846FDF700FD41ECAB
:10291000180B1E481C4A127800EBC20090ED000A0A
:1029200010EE101A0846FDF7F2FC41EC190B8DED84
:10293000008B53EC192B16A103A801F065FE03A828
:10294000FDF7AFFC85B264232A4603A9144800F0C2
:10295000FFFA4FF480710948FDF77CFC4FF4807258
:1029600006490F48FFF744FF4BB0BDEC048BF0BDA8
:102970005803002048010020004400406C0700205C
:102980006C0800204800002049000020280000209A
:1029900067252E36662C252E36660D0A00000000AF
:1029A00090010020704700002DE9F84F0446206890
:1029B00005682068C668206847694FF00009CA4664
:1029C00005F00F09B9F1000F0AD105F0200038B168
:1029D00006F0200020B1204601F0DAFABDE8F88FB9
:1029E000B9F1000F7CD007F0010018B906F490701F
:1029F000002875D005F0010030B106F4807018B1E0
:102A0000606C40F00100606405F0040030B107F034
:102A1000010018B1606C40F00200606405F0020033
:102A200030B107F0010018B1606C40F00400606440
:102A300005F0080048B106F0200010B907F00100C9
:102A400018B1606C40F008006064606C002846D0EB
:102A500005F0200028B106F0200010B1204601F05A
:102A600097FA20684069C0F3801A606C00F0080093
:102A700010B9BAF1000F2DD0204601F030FA2068CD
:102A8000406900F04000402820D100BF00BF21680D
:102A9000143151E8001F21F040002168143141E851
:102AA0000002002AF3D100BFE06B50B17F48E16B18
:102AB0000865E06BFEF73AFC88B1E06B016D884772
:102AC0000DE02046FFF76EFF09E009E02046FFF722
:102AD00069FF04E02046FFF765FF002060647DE7A2
:102AE000206B012878D105F01000002874D006F082
:102AF00010000028FAD000BF002000902068006875
:102B0000009020684068009000BF00BF20684069C6
:102B100000F04000402870D1E06B006840681FFA68
:102B200080F8B8F1000F58D0A08D404555DDA4F8CD
:102B30002E80E06BC069B0F5807F43D000BF00BF3E
:102B400021680C3151E8001F21F4807021680C319C
:102B500041E80002002AF3D100BF00BF00BF216896
:102B6000143151E8001F21F001002168143141E8BF
:102B70000002002AF3D100BF00BF00BF216814315A
:102B800051E8001F21F040002168143141E80002A3
:102B9000002AF3D100BF202084F8420000202063E7
:102BA00000BF00BF21680C3151E8001F21F0100068
:102BB00021680C3141E80002002AF3D100BFE06B2C
:102BC000FEF75EFB02206063A08DE28D801A81B269
:102BD0002046FFF745FE0EE052E0A08D40450AD1A9
:102BE000E06BC069B0F5807F05D102206063A18DE4
:102BF0002046FFF735FEF1E6FFE7A08DE18D401A94
:102C00001FFA80F8E08DD0B3B8F1000F37D000BFC5
:102C100000BF21680C3151E8001F21F49070216839
:102C20000C3141E80002002AF3D100BF00BF00BF11
:102C30002168143151E8001F21F00100216814318E
:102C400041E80002002AF3D100BF202084F84200AE
:102C50000020206300BF00BF21680C3151E8001F35
:102C600021F0100021680C3141E80002002AF3D164
:102C700000BF0220606341462046FFF7F1FDADE64C
:102C800005F0800030B106F0800018B1204601F058
:102C90007FFBA3E605F0400030B106F0400018B11C
:102CA000204601F052F999E600BF97E6A53D0008DD
:102CB00010B504460CB9012010BDA06900B100E0B8
:102CC00000BF94F8410028B9002084F84000204655
:102CD00000F02AF8242084F841002068C06820F41D
:102CE00000502168C860204601F0D0F920680069D2
:102CF00020F49040216808612068406920F02A0093
:102D0000216848612068C06840F400502168C860AC
:102D100000206064202084F8410084F842000020F4
:102D2000606300BFC8E7000010B586B004461421F8
:102D300001A8FDF78FFA7B492068884276D100BF51
:102D4000002000907848006840F010007649086044
:102D50000846006800F01000009000BF00BF00BFF0
:102D60000020009070481438006840F001006E495F
:102D7000143908600846006800F00100009000BFA8
:102D800000BF4FF4C0600190022002900020039029
:102D9000032004900720059001A96448FEF712FD66
:102DA0006348644908604FF0006048600021614852
:102DB0008160C1604FF480610161002141618161E6
:102DC000C16101624162FEF7E5FB08B1FEF715F94A
:102DD00000BF5848E063846300BF554878305649C7
:102DE00008604FF000604860402153488160002136
:102DF000C1604FF480610161002141618161C16165
:102E000001624162FEF7C6FB08B1FEF7F6F800BFAB
:102E10004948A063846300BF002211462520FFF7C4
:102E200045F82520FFF72EF87AE0FFE743492068B0
:102E3000884275D100BF002000903B48001F006809
:102E400040F400303849091F08600846006800F463
:102E50000030009000BF00BF00BF0020009032484B
:102E60001438006840F001002F4914390860084602
:102E7000006800F00100009000BF00BF0C2001902E
:102E80000220029000200390032004900720059068
:102E900001A92648FEF796FC29482A4908604FF008
:102EA00000604860002127488160C1604FF4806164
:102EB0000161002141618161C16101624162FEF7EE
:102EC00069FB08B1FEF799F800BF1E48E063846310
:102ED00000BF1B4818301C4908604FF00060486074
:102EE0004021194881600021C1604FF48061016177
:102EF000002141618161C16101624162FEF74AFBCB
:102F000008B1FEF77AF800BF0F48A063846300BFE2
:102F1000002211462620FEF7C9FF2620FEF7B2FF49
:102F200006B010BD001001404438024000000240CD
:102F300040640240D80100203802002000440040D4
:102F40008860024098020020F80200207047704715
:102F50002DE9F84F04460E46174699464FF0000AF1
:102F600094F84100202850D106B117B90120BDE8DE
:102F7000F88F00206064212084F84100FEF72AFDCC
:102F80008246A784E784A068B0F5805F04D12069F9
:102F900010B90025B04602E035464FF000081EE0AB
:102FA0005346002280212046CDF8009001F020FAFF
:102FB00020B1202084F841000320D8E745B9B8F8B3
:102FC0000000C0F308002168486008F1020803E02F
:102FD0002878216848606D1CE08C401EE084E08CFD
:102FE0000028DDD15346002240212046CDF8009034
:102FF00001F0FEF920B1202084F841000320B6E75B
:10300000202084F841000020B1E70220AFE770479C
:10301000F0B5034600203FE0082804DA0025C0F19F
:103020000707FEB203E00125C0F10F07FEB201273A
:10303000B740FCB200270F54BC4600F1100701F85E
:1030400007C0002224E005EB4207DF5D27403FB1C7
:103050000F5C4FF0010C0CFA02FC47EA0C070F540E
:1030600002F1080705EB4707DF5D274077B100F164
:103070001007CF5D4FF0010C0CFA02FC47EA0C0779
:1030800007F0FF0C00F1100701F807C0571CFAB257
:10309000082AD8DB471CF8B21028BDDBF0BD00BF02
:1030A000FEE7014608684069C0F38020B0B16FF4C4
:1030B00080600A68506100200863202081F83D008C
:1030C000002081F83E00086C40F00400086400BF56
:1030D000002081F83C0000BF012070470020FCE781
:1030E0002DE9F8430446884615469946DDE9086708
:1030F0002068006840F48070216808603346002230
:103100004FF001112046009700F08DF860B1206863
:10311000006800F48070B0F5807F02D14FF4007039
:1031200020640320BDE8F88308F0FE0021680861F0
:103130003B4632462149204600F0D4F808B1012030
:10314000F0E700BF002000902068406900902068F0
:103150008069009000BF00BF3A463146204600F02B
:103160003EF950B1206C042805D12068006840F475
:103170000070216808600120D4E7B9F1010F03D184
:10318000E8B22168086117E0C5F3072021680861EB
:103190003A463146204600F022F950B1206C04280E
:1031A00005D12068006840F40070216808600120A3
:1031B000B8E7E8B2216808610020B3E70200010027
:1031C00070B504460D46164625E02046FFF769FF18
:1031D00008B1012070BD681CE8B1FEF7FBFB801B45
:1031E000A84200D8BDB920684069C0F3800090B9FA
:1031F00000202063202084F83D00002084F83E0059
:10320000206C40F02000206400BF002084F83C00C7
:1032100000BF0120DEE720684069C0F3800000287D
:10322000D3D00020D6E72DE9F04104460D461746DD
:103230001E46DDF8188038E0701CA8B3FEF7CAFB04
:10324000A0EB0800B04200D876BBC5F307400128C8
:103250000AD120684069A9B20840A9B2884201D1C8
:1032600001200BE0002009E020688069A9B2084035
:10327000A9B2884201D1012000E00020B84214D157
:1032800000202063202084F83D00002084F83E00C8
:10329000206C40F02000206400BF002084F83C0037
:1032A00000BF0120BDE8F081FFE7C5F3074001281A
:1032B0000AD120684069A9B20840A9B2884201D168
:1032C00001200BE0002009E020688069A9B20840D5
:1032D000A9B2884201D1012000E00020B842ABD061
:1032E0000020DFE72DE9F04104460D4616461F4653
:1032F00058E020684069C0F38020E8B12068006889
:1033000040F40070216808606FF4806021684861B3
:1033100000202063202084F83D00002084F83E0037
:10332000206C40F00400206400BF002084F83C00C2
:1033300000BF0120BDE8F081701C90B3FEF74AFB8E
:10334000C01BB04200D866BBC5F3074001280AD1B4
:1033500020684069A9B20840A9B2884201D1012081
:103360000BE0002009E020688069A9B20840A9B2FA
:10337000884201D1012000E0002090B900202063A4
:10338000202084F83D00002084F83E00206C40F0AE
:103390002000206400BF002084F83C0000BF012012
:1033A000C8E7FFE7C5F3074001280AD12068406954
:1033B000A9B20840A9B2884201D101200BE0002047
:1033C00009E020688069A9B20840A9B2884201D109
:1033D000012000E0002000288BD00020AAE770B573
:1033E00004460D46164625E02046FFF75AFE08B172
:1033F000012070BD681CE8B1FEF7ECFA801BA84202
:1034000000D8BDB920684069C0F3C01090B9002051
:103410002063202084F83D00002084F83E00206CCA
:1034200040F02000206400BF002084F83C0000BF72
:103430000120DEE720684069C0F3C0100028D3D027
:103440000020D6E708B500BF002000901E480068A5
:1034500040F480001C4908600846006800F48000C1
:10346000009000BF00BF00BF002000900846006829
:1034700040F4001008600846006800F40010009056
:1034800000BF00BF002211461020FEF70FFD1020E4
:10349000FEF7F8FC002211461120FEF707FD11206F
:1034A000FEF7F0FC002211463A20FEF7FFFC3A201E
:1034B000FEF7E8FC002211464620FEF7F7FC462006
:1034C000FEF7E0FC08BD00003038024000B587B0D0
:1034D000142102A8FCF7BEFE00BF00200190344872
:1034E000006840F02000324908600846006800F09B
:1034F0002000019000BF00BF00BF002001900846DF
:10350000006840F0800008600846006800F0800015
:10351000019000BF00BF00BF002001900846006876
:1035200040F0010008600846006800F001000190CA
:1035300000BF00BF00BF002001900846006840F0B7
:10354000020008600846006800F00200019000BF19
:1035500000BF012291031748FEF736FAF0200290CF
:103560004FF4041003900120049002A91248FEF7C2
:1035700029F94FF48040029001200390002004902C
:10358000059002A90B48FEF71DF9002211460A20FA
:10359000FEF78CFC0A20FEF775FC0022114617206E
:1035A000FEF784FC1720FEF76DFC07B000BD00009D
:1035B00030380240000402400014024010B50B48AD
:1035C0000B4908600B484860002109488160C160D0
:1035D0004FF480410161002141618161C16101625B
:1035E000FEF7FEF908B1FDF708FD10BD00540040DC
:1035F0007C000020A086010010B50E480E4908602E
:103600004FF48270486000210B488160C160016105
:1036100041614FF4007181610021C1610162416229
:1036200081620A21C162FFF721F808B1FDF7E5FCCC
:1036300010BD000000300140D000002010B50B4844
:103640000B4908604FF4E130486000210848816070
:10365000C16001610C21416100218161C161FFF7FD
:1036600027FB08B1FDF7C9FC10BD000000100140A8
:103670004801002010B50B480B4908604FF4E130B9
:103680004860002108488160C16001610C214161EE
:1036900000218161C161FFF70BFB08B1FDF7ADFCB3
:1036A00010BD0000004400409001002000BFFEE774
:1036B00000BFFEE770B5002415E004F1B001C8B208
:1036C00000F0BAF9002000F0B7F9102000F0B4F9CA
:1036D000002504E0002000F0C3F9681CC5B2802D6D
:1036E000F8DB601CC4B2082CE7DB70BD10B5C82045
:1036F000FEF710F8002400BF05E00449085D00F063
:103700009BF9601CC4B2172CF7DB10BD1000002021
:1037100070B504460D4605F1B001C8B200F08CF951
:10372000102141EA141000F087F904F00F0000F0B6
:1037300083F970BD2DE9F04790B082460D461646DC
:103740001F46DDF8608039463046FDF759FC81465A
:103750004FF6FF70814509D1002404E000200DF8E8
:103760000400601CC4B2202CF8DB07E008A948461E
:10377000FDF75FFC694608A8FFF74AFC294650465A
:10378000FFF7C6FF00240FE0B8F1000F06D01DF8C8
:103790000410C943C8B200F063F903E01DF8040047
:1037A00000F05EF9601CC4B2102CEDDB681CC1B2E5
:1037B0005046FFF7ADFF002413E0B8F1000F08D02A
:1037C00004F110011DF80110C943C8B200F048F916
:1037D00005E004F110011DF8010000F041F9601C42
:1037E000C4B2102CE9DB10B0BDE8F0872DE9F0473A
:1037F00080460E4691469A46089F00250024A9F16E
:103800002000C5B2B8F17F0F02DDA046B01CC6B2E1
:10381000BAF1100F37D131464046FFF779FF002447
:1038200011E047B104EB0511274A515CC943C8B206
:1038300000F016F905E004EB0511234A505C00F096
:103840000FF9601CC4B2082CEBDB701CC1B24046FF
:10385000FFF75EFF002413E04FB104EB05110831C0
:10386000194A515CC943C8B200F0FAF806E004EB0B
:1038700005110831144A505C00F0F2F8601CC4B223
:10388000082CE9DB1DE031464046FFF741FF0024EC
:1038900015E057B105EB45010C4A02EB4101095D0A
:1038A000C943C8B200F0DCF807E005EB4501074A60
:1038B00002EB4101085D00F0D3F8601CC4B2062C95
:1038C000E7DBBDE8F08700003C5400081452000814
:1038D0002DE9F84304460E4617461D46DDF82090B4
:1038E0004FF0000822E0CDF8009017F808202B4692
:1038F00031462046FFF77AFF0C2D02D1A01DC4B23D
:1039000002E004F10800C4B27A2C04DD0C2D02D1CF
:103910000024701CC6B2782C04DD102D02D10024C6
:10392000701CC6B208F1010000F0FF0817F808008B
:103930000028D8D1BDE8F8832DE9F84380468946B0
:1039400014461E4645464F4625E02078B02812DB37
:10395000607880B1702D02DD0025B81CC7B20096DA
:103960006378227839462846FFF7E4FE05F1100017
:10397000C5B2A41C0FE0782D02DD0025B81CC7B22B
:1039800000962278102339462846FFF72FFF05F1CD
:103990000800C5B2641C20780028D6D1BDE8F883A1
:1039A0002DE9FF5F81468A4614461E464D4657461E
:1039B0003DE094F800B0BBF1800F10DA782D02DD05
:1039C0000025B81CC7B210235A463946284600962F
:1039D000FFF70CFF05F10800C5B2641C26E003A93F
:1039E000204600F05BFD8046B8F1000F02D0B8F130
:1039F000040F01DD641C1AE0702D02DD0025B81CE7
:103A0000C7B201AA02A9BDF80C0000F0A2FD40B99E
:103A100000969DF804309DF8082039462846FFF7A7
:103A200089FE05F11000C5B2444400BF00BF2078F4
:103A30000028BED1BDE8FF9F01B584B04FF480706F
:103A4000012104AA0B46CDE9002102900022782131
:103A50000248FEF7ADF805B000BD00007C00002074
:103A600001B584B04FF48070012104AA0B46CDE962
:103A700000210290402278210248FEF799F805B013
:103A800000BD00007C0000207047000070B50546B6
:103A90000C4616464FF080400F490860032000F0A6
:103AA00081F8C4F3074000F07DF8C4F3072000F06C
:103AB00079F8E0B200F076F804E0FF2000F072F848
:103AC00028706D1C301EA6F101018EB2F5D14FF4A5
:103AD00080400149086070BD1804024010B500F034
:103AE0004DF8044604F03C0088B100F0C1F84FF0F6
:103AF000804007490860012000F054F8002000F0E1
:103B000051F84FF480400249086000F087F810BD7A
:103B10001804024004480068006840F04000024970
:103B20000968086070470000D00000202DE9F041CE
:103B300000240025002600274FF080400E49086031
:103B40009F2000F02FF8FF2000F02CF80546FF2002
:103B500000F028F80646FF2000F024F807464FF44E
:103B6000804005490860280440EA062040EA07042E
:103B70002046BDE8F08100001804024010B54FF067
:103B8000804007490860052000F00CF8FF2000F095
:103B900009F804464FF4804001490860204610BDF2
:103BA0001804024010B504464FF4805019490860CB
:103BB0000AE018490868411E164A116020B9002021
:103BC00000F066F8C0B210BD134800688068C0F30A
:103BD00040000028EDD010480068C4604FF48050C9
:103BE0000C4908600AE00B490868411E094A116047
:103BF00020B9012000F04CF8C0B2E4E706480068A4
:103C0000806800F001000028EDD003480068C0681B
:103C1000C0B2D8E74C000020D000002010B500242E
:103C20004FF08040104908600520FFF7BBFF4FF4BC
:103C300080500E49086000BFFF20FFF7B3FF044625
:103C40000A490868411E094A116018B9042000F0A9
:103C50001FF810BD04F001000028EDD14FF48040A2
:103C60000149086000BFF4E7180402404C0000203E
:103C700010B54FF08040054908600620FFF792FF1D
:103C80004FF480400149086010BD00001804024054
:103C900010B50446214602A000F0A6FC002010BD8D
:103CA0003C3C2D464C4153482D4552524F522D3EDF
:103CB0003E205350492074696D656F7574212065ED
:103CC00072726F72436F6465203D2025640A0000A4
:103CD000704710B5FEF762F810BD000000B593B054
:103CE000302107A8FCF7B6FA142102A8FCF7B2FAB3
:103CF00000BF002001902448006840F08050224915
:103D000008600846006800F08050019000BF00BFC6
:103D100000BF002001901D48006840F480401B490E
:103D200008600846006800F48040019000BF00BFB2
:103D3000012007900004089002200D9041050E918B
:103D400004210F91A82110910221119104211291B7
:103D500007A8FEF73DFA08B1FDF74FF90F200290D2
:103D600002200390002004904FF4A05005904FF4DF
:103D700080500690052102A8FEF7EAF808B1FDF789
:103D80003CF913B000BD0000403802400070004014
:103D90000348006840F47000014908607047000063
:103DA00088ED00E070B50446A56B0020E885284644
:103DB000FEF7F8FD70BD70B506460025B46B2068AF
:103DC0004069C0F3C01594F84100212805D125B100
:103DD0000020E084204600F0C8F820684069C0F365
:103DE000801594F84200222805D125B10020E085F5
:103DF000204600F074F8606C40F0100060642046CB
:103E0000FEF7D0FD70BD70B50546AC6B2868006844
:103E100000F48070002842D1E08500BF00BF216817
:103E20000C3151E8001F21F4807021680C3141E809
:103E30000002002AF3D100BF00BF00BF2168143187
:103E400051E8001F21F001002168143141E800020F
:103E5000002AF3D100BF00BF00BF2168143151E830
:103E6000001F21F040002168143141E80002002ABF
:103E7000F3D100BF202084F84200206B01280ED12E
:103E800000BF00BF21680C3151E8001F21F0100075
:103E900021680C3141E80002002AF3D100BF002064
:103EA0006063206B012804D1A18D2046FEF7D8FC69
:103EB00002E02046FFF74AF870BD70B50546AC6BCE
:103EC00001206063206B012805D1A08D41082046A8
:103ED000FEF7C6FC02E02046FFF739F870BD00BFD0
:103EE00000BF02680C3252E8002F22F49071026881
:103EF0000C3242E80013002BF3D100BF00BF00BF1B
:103F00000268143252E8002F22F0010102681432D4
:103F100042E80013002BF3D100BF016B01290ED141
:103F200000BF00BF02680C3252E8002F22F01001DF
:103F300002680C3242E80013002BF3D100BF2021AD
:103F400080F8421000210163704710B504462068D4
:103F5000C06820F040002168C860202084F841003B
:103F60002046FFF754F8002010BD00BF00BF0268D4
:103F70000C3252E8002F22F0C00102680C3242E8F5
:103F80000013002BF3D100BF202180F841107047AF
:103F9000F8B504460025002694F84200222873D183
:103FA000A068B0F5805F0BD1206948B9A66A206887
:103FB0004068C0F308003080A06A801CA06214E052
:103FC000A56AA068B0F5805F03D0A06828B9206911
:103FD00018B920684068287004E02068406800F044
:103FE0007F002870A06A401CA062E08D401E80B255
:103FF000E085002846D12068C06820F020002168B4
:10400000C8602068C06820F480702168C86020689B
:10401000406920F0010021684861202084F84200B6
:1040200000206063206B012826D10020206300BFA0
:1040300000BF21680C3151E8001F21F010002168F9
:104040000C3141E80002002AF3D100BF206800686B
:1040500000F0100010280AD100BF00200090206856
:104060000068009020684068009000BF00BFA18DEC
:104070002046FEF7F5FB02E02046FEF767FF002032
:10408000F8BD01E00020FBE70220F9E72DE9F84F39
:1040900004462068006920F44050E1680843216824
:1040A00008612169A068084361690843E169084320
:1040B00000902068C06849F20C6188430099084369
:1040C0002168C8602068406920F44070A1690843F5
:1040D0002168486176492068884203D07549206884
:1040E000884203D1FEF70CF8814602E0FDF7F8FFA5
:1040F0008146E069B0F5004F6CD102206168A0FBF9
:10410000015003461920A9FB007001462A46384693
:10411000FCF756F86421B0FBF1F04FEA001A0220D8
:104120006168A0FB01510B461920A9FB00712A46CA
:104130003846FCF745F8834602206168A0FB015031
:1041400003461920A9FB00712A463846FCF738F8C7
:104150006421B0FBF1F000EBC00101EB0010ABEB10
:104160008000322101EBC0006421B0FBF1F000F0CF
:10417000F8000AEB400A02206168A0FB01500346E8
:104180001920A9FB007001462A463846FCF718F8AA
:10419000834602206168A0FB015003461920A9FB59
:1041A00000712A463846FCF70BF86421B0FBF1F0A9
:1041B00000EBC00101EB0010ABEB8000322101EB02
:1041C000C0006421B0FBF1F000F00700504421680A
:1041D00088606AE004206168A0FB01500346192052
:1041E000A9FB007001462A463846FBF7E9FF8246E4
:1041F00004206168A0FB015003461920A9FB007050
:1042000001462A463846FBF7DBFF6421B0FBF1F09C
:1042100000EBC00101EB0010AAEB8000322101EBA2
:1042200000106421B0FBF1F000F0F00A0420616896
:10423000A0FB017003461920A9FB00513A4628460D
:10424000FBF7BEFF6421B0FBF1F00AEB001A04207B
:104250006168A0FB01510B461920A9FB00712A4699
:104260003846FBF7ADFF834604206168A0FB015090
:1042700003461920A9FB007001462A463846FBF781
:104280009FFF6421B0FBF1F000EBC00101EB0010D7
:10429000ABEB8000322101EB00106421B0FBF1F0A8
:1042A00000F00F00504421688860BDE8F88F0000DE
:1042B000001001400014014077B581B00446154656
:1042C0000298A062A58500206064222084F8420044
:1042D0002C48E16BC8632C48E16B08642B48E16B08
:1042E000C8640020E16B086502AE32682368191DBE
:1042F0002B46E06BFDF7C4F938B110206064202034
:1043000084F84200012004B070BD00BF002000907E
:1043100020680068009020684068009000BF00BFDF
:10432000206970B100BF00BF21680C3151E8001F47
:1043300041F4807021680C3141E80002002AF3D179
:1043400000BF00BF00BF2168143151E8001F41F0D9
:1043500001002168143141E80002002AF3D100BFB6
:1043600000BF00BF2168143151E8001F41F0400038
:104370002168143141E80002002AF3D100BF002077
:10438000C1E70000073E0008BB3E0008B73D00083B
:10439000014691F84100212828D18868B0F5805F56
:1043A0000BD1086948B90A6A1088C0F308000B6885
:1043B0005860086A801C086205E00B6A581C086295
:1043C00018780B685860C88C401E80B2C88458B9F1
:1043D0000868C06820F080000B68D8600868C06872
:1043E00040F040000B68D860002070470220FCE7D6
:1043F0002DE9F84304460D4617469846089E31E0DD
:10440000701C70B3FDF7E6FAA0EB0800B04200D8CC
:1044100016B90320BDE8F8832068C06800F00400E6
:10442000F8B1802D1ED0402D1CD020680068C0F34C
:10443000C000B0B100BF002000902068006800906C
:1044400020684068009000BF00BF2046FFF747FD8E
:104450000820606400BF002084F8400000BF0120F5
:10446000D8E7FFE7206800682840A84201D1012072
:1044700000E00020B842C3D00020CBE710B50248CE
:10448000FEF792FA10BD00004801002010B5024866
:10449000FEF78AFA10BD00009001002010B5024618
:1044A0000B461178802902DA1980012010BD01F035
:1044B000E000C0280ED1507800F0C000802801D064
:1044C0000020F3E701F01F04507864F39F10188078
:1044D0000220EBE701F0F000E0281AD1507800F05C
:1044E000C000802801D00020E0E7907800F0C000F4
:1044F000802801D00020D9E70803547804F03F0455
:1045000040EA8410947804F03F042043188003208C
:10451000CCE701F0F800F02819D1507800F0C00085
:10452000802801D00020C1E7907800F0C0008028EA
:1045300001D00020BAE7D07800F0C000802801D078
:104540000020B3E74FF6FD7018800420AEE700208E
:10455000ACE7F0B507460C461546384600F018F8AB
:1045600006464FF6FF70864204D100202070287066
:104570000120F0BD5E2096FBF0F0B03020705E2090
:1045800096FBF0F100FB1160A13028700020F0E7ED
:1045900070B50246002341F66A2418E0E01A00EBE9
:1045A000D07603EB6606B1B20C4830F81150954254
:1045B00003D10B4830F8110070BD954202DA481C57
:1045C00083B203E001B904E0481E84B200BFA342F5
:1045D000E4DD00BF4FF6FF70EEE70000DC5A000894
:1045E000B28F000800BFFEE70FB4054B10B503A95A
:1045F000044A029800F03EF910BC5DF814FB00007C
:10460000AD4F0008740000200FB4084B10B504A98A
:1046100002AA039800F02EF9044602A9002000F037
:10462000C0FC204610BC5DF814FB0000A34F00083E
:1046300002480068C0F30220704700000CED00E063
:1046400010B5002804DB0A07130E054A135406E0D0
:104650000A07140E034A00F00F031B1FD45410BDA9
:1046600000E400E018ED00E000487047780000200A
:1046700030B583B0044600F017F89FED090B0546EE
:104680008DED000B002221466846FBF7C0FE284650
:1046900000F020F89DED000B03B030BD00000000DD
:1046A00000000000000000000148006870470000A2
:1046B0007800002002E008C8121F08C1002AFAD1C1
:1046C00070477047002001E001C1121F002AFBD192
:1046D0007047000001490860704700007800002022
:1046E0002DE9FF5F82B00021DDE90430020DDDF825
:1046F00040B0034318D044F61050A2F2FF324243B8
:104700001514119801281FD0A5EB0B00401C5FEA7F
:10471000000A4FF000064E4FDFF83891B046504681
:1047200015D5CAF1000413E0119801244AA3012809
:1047300001D16FEA0B010298119AC0E90031C0E97A
:10474000024206B0BDE8F09FCBF10000DFE704466F
:104750000021404A491842EB0450CDE9001012E014
:10476000E00707D032463B4640464946FBF798FFF4
:104770008046894632463B4610461946FBF790FF75
:1047800006460F466410002CEAD1DDE90401DDE99C
:104790000023BAF1000F06DAFBF782FF42464B46D0
:1047A000FBF77EFF05E0FBF7EDFF42464B46FBF7CC
:1047B000E9FF04460E460022284BFCF76BF803D8AD
:1047C0004FF0FF30014607E00022254B20463146DE
:1047D000FBF7BFFEFCF745F8102409E0002C0ADBCC
:1047E0000A220023FBF7ECFC039B30321A55641EAF
:1047F00050EA0102F2D1641C039AC4F1110314447B
:10480000119A012A03D0012208430DD10AE008437E
:1048100004D000204FF0110B119072E7A3EB0B05B1
:104820006D1E0DE05B4504DD4FF0000205F1010552
:1048300004E003DA4FF00002A5F10105002AECD0F4
:1048400002981199C0E90231C0E9004579E70000FA
:10485000000014400000F03F300000000000F04372
:104860000000E03F30380A2801D2012070470020C4
:10487000704700002DE9FF4F95B09B4689460646DC
:1048800000250FE2252877D100242746F84A012188
:10489000059400E0044316F8013F203B01FA03F0C1
:1048A0001042F7D130782A2811D06FF02F033078DA
:1048B000A0F13002092A16D8059A44F0020402EB4E
:1048C000820203EB42021044761C0590EFE759F890
:1048D000042B0592002A03DA504244F40054059058
:1048E00044F00204761C30782E2816D116F8010FF9
:1048F00044F004042A280DD06FF02F023078A0F184
:104900003003092B09D807EB870302EB4303C718D1
:10491000761CF3E759F8047B761C30786C280FD0AE
:1049200006DC4C2817D068280DD06A2814D104E082
:10493000742810D07A280FD10DE044F400140AE056
:1049400044F4801401E044F440147278824202D1AD
:1049500004F58014761C761C307866280BD013DCA6
:10496000582877D009DC002875D04528F6D046288D
:10497000F4D047281AD19DE118E0632835D0642887
:1049800079D0652812D195E1702873D008DC6728AA
:10499000F1D069286FD06E280DD06F2806D1B5E010
:1049A00073282CD0752875D0782874D05A4617995A
:1049B00090476D1C75E1C4F30250022809D003280A
:1049C0000DD0D9F8001004280DD00D6009F10409AC
:1049D00067E1D9F80010EA17C1E90052F6E7D9F803
:1049E00000100D80F2E70D70F0E719F8041B8DF848
:1049F000001000208DF80100EA46012003E059F87C
:104A000004AB4FF0FF3061074FF0000102D40DE01E
:104A100008F101018846B9420FDA8045F8DB1AF83F
:104A200008100029F4D108E008F10101884681420C
:104A3000FADB1AF808100029F6D105985B46A0EBBE
:104A4000080721463846179A00F094FA284400EBEC
:104A5000080507E04DE029E10DE01AF8010B5A4680
:104A600017999047B8F10108F7D25B4621463846BE
:104A7000179A13E142E00A220092C4F302524FF067
:104A8000000A022A08D059F804CB032A4FEAEC7135
:104A90000AD00DE029E02AE009F1070121F0070220
:104AA000F2E802C1914609E00FFA8CFC4FEAEC7182
:104AB000042A03D14FFA8CFC4FEAEC71002907DA83
:104AC0000A460021DCF1000C61EB02012D2202E01C
:104AD000220504D52B228DF80420012203E0E207F1
:104AE00001D02022F7E7904659E00A2102E0102287
:104AF0000DE010214FF0000A00910BE010224FF062
:104B0000000A44F004040827009203E008224FF052
:104B1000000A0092C4F30252022A05D059F804CBCD
:104B20000021032A08D009E009F1070121F007025A
:104B3000F2E802C1914605E01FFA8CFC042A01D17B
:104B40000CF0FF0C4FF00008220728D5702806D083
:104B5000009B83F0100353EA0A0305D00EE04022C5
:104B60008DF80420012208E05CEA010206D0302220
:104B70008DF804208DF8050002229046009B83F0FA
:104B8000080353EA0A030AD15CEA010201D1620771
:104B900005D530228DF804204FF001087F1E5828DB
:104BA00004D034A003900EA802900DE036A0F9E7DF
:104BB00053466046009AFBF703FB84460398825CE9
:104BC0000298401E029002705CEA0100F0D1029847
:104BD00006A9081A00F1200A600702D524F48034DF
:104BE00000E00127574502DDA7EB0A0000E00020A6
:104BF00000EB0A01009005984144401A0590E0033B
:104C000006D45B462146179A059800F0B3F905448F
:104C1000002706E001A85A46C05D179990476D1C11
:104C20007F1C4745F6DBE0030CD55B462146179A0F
:104C3000059800F09FF9054404E030205A46179982
:104C400090476D1C0099481E00900029F5DC08E093
:104C5000029802995A460078491C02911799904788
:104C60006D1CBAF10001AAF1010AF1DC65E1000056
:104C70000928010030313233343536373839616232
:104C800063646566000000003031323334353637F6
:104C900038394142434445460000000000F058F9CD
:104CA0000544761C307800287FF4ECAD19B0284616
:104CB000BDE8F08F620700D4062709F1070222F051
:104CC000070CFCE80223E14603F000485FEA080C09
:104CD00002D00FF2702C0DE05FEA045C02D50FF2F7
:104CE000682C07E05FEAC47C02D00FF2602C01E080
:104CF000AFF2700C4FF0FF3823F00043CDF850C0F6
:104D000065280CD006DC452809D046281DD0472848
:104D10003DD13DE0662818D067287ED138E00021DB
:104D2000112F01DB112000E0781CCDE9000106A95C
:104D30000EA8FFF7D5FCDDE90F010E9A03910021C3
:104D4000009207F1010A04914DE04FF000400097F6
:104D5000CDE9011006A90EA8FFF7C2FCDDE90F029C
:104D600003920E9B11990022DDF80CA0009304928F
:104D700011B9791C00EB010AB7EB0A0004D4C0F1A9
:104D8000FF3007F1010A0490AAEB0700019044E00C
:104D9000012F00DA01270021112F01DD112000E091
:104DA0003846CDE9000106A90EA8FFF799FCDDE918
:104DB0000F010E9A0391002104910092BA46210737
:104DC0000CD40399514500DA8A46BAF1010F05DD8A
:104DD000009AAAF10101515C302908D0B84202DAE8
:104DE00010F1040F06DA0121CDE9011015E0AAF156
:104DF0000101E9E7002805DC049901440491AAEBCC
:104E0000000102E0411C514500DD8A460499401A28
:104E1000401C01904FF000400290200704D40198FC
:104E2000504501DBCDF8048000208DF84F0002983A
:104E30000DF14F07B0F1004F25D02B200E900298B6
:104E40004FF0020800280CDA404202902D200E900C
:104E500007E00A210298FBF789FA3031029007F83F
:104E6000011DB8F10001A8F10108F2DC0298002848
:104E7000EFD1791E0E980870307800F0200040F0D5
:104E8000450007F8020D12A8C01B00F1070814988E
:104E9000007800B1012000EB0A01019801EBE071FC
:104EA00005984144401A401E0590E00306D45B4635
:104EB0002146179A059800F05DF80544149800788B
:104EC00018B15A46179990476D1CE00324D55B46EC
:104ED0002146179A059800F04DF805441CE0049807
:104EE000002807DBDDE90301884203DD0098405C10
:104EF000179901E0179930205A469047049805F118
:104F00000105401C04900198401E019004D12E2000
:104F10005A46179990476D1CBAF10001AAF1010A8F
:104F2000DDDC05E017F8010B5A46179990476D1C18
:104F3000B8F10001A8F10108F4DC5B462146179A9C
:104F40000598ABE62D0000002B00000020000000BB
:104F50002DE9F041044600251E461746880404D476
:104F600005E039462020B0476D1C641EF9D528465F
:104F7000BDE8F0812DE9F041044600251E4690462B
:104F8000C80301D5302700E02027880404D505E0B8
:104F900041463846B0476D1C641EF9D52846BDE829
:104FA000F0810A68531C0B601070704713B50C46F3
:104FB0004FF6FF73012269460248FDF7C9FF0098CA
:104FC0001CBD00009001002010B500242FE004EB70
:104FD0004400184901EB4000007930B304EB440071
:104FE00001EB40000079012806D0022808D00328F0
:104FF0000AD0042810D10BE00FA0FFF7F5FA0CE05F
:105000000FA0FFF7F1FA08E00FA0FFF7EDFA04E0B8
:105010000FA0FFF7E9FA00E000BF00BF002004EB9B
:105020004401044A02EB41010871601CC4B2042C23
:10503000CDDB10BD5800002062310D0A00000000D9
:1050400062320D0A0000000062330D0A0000000009
:1050500062340D0A000000002DED028B8AB000249E
:10506000FCF7A8FEFEF73AFEFEF730FAFEF7EAF983
:10507000FEF7A4FAFEF7E2FAFEF7BEFAFEF7FAFA36
:10508000FEF748FDFEF72AFDFEF750FD05462946CE
:105090003DA0FFF7A9FAFEF729FBFEF70BFB4048FE
:1050A000854213D1FBF7D9FF0446002000900CB1D4
:1050B0003CA000E03DA00246102300210846FEF778
:1050C00007FC4FF4FA70FCF725FB0AE000201023E0
:1050D00038A201460090FEF7FBFB4FF4FA60FCF7A4
:1050E00019FBFBF7E1FF202235493648FDF780FB2D
:1050F000FEF7E0FA46E0FBF7CBFF10EE106A304611
:10510000FBF705F941EC180B53EC182B2EA102A864
:10511000FFF77AFA0020102302AA01460090FEF75A
:10512000D7FBFBF7BBFF10EE106A3046FBF7EFF83A
:1051300041EC180B53EC182B26A102A8FFF764FAD8
:105140000020102302AA02210090FEF7C1FB244890
:10515000007838B134B10023224A04211846FEF702
:105160001FFC0DE064B1002010231FA20421009059
:10517000FEF7AEFB00231DA204211820FEF7DCFB86
:10518000FFF722FFB7E7000057323551313620498B
:10519000443A2030782530366C580D0A0000000063
:1051A0001540EF00466F6E74204F4B004E6F204647
:1051B0006F6E7400464C4153482045525221000006
:1051C0006C070020900100204C61743A252E366651
:1051D000000000004C6F6E3A252E3666000000007D
:1051E000480000206C08002047505300B6C0BDC7DF
:1051F000CADE0000000610160006101600000000AF
:105200000000000001020304060708090000000076
:10521000010203040000000000000000002F000055
:1052200000000700070000147F147F1400242A7F69
:105230002A120062640813230036495522500000E8
:105240000503000000001C224100000041221C0058
:105250000014083E08140008083E0808000000A0DA
:1052600060000008080808080000606000000020D6
:1052700010080402003E5149453E0000427F4000B4
:10528000004261514946002141454B31001814123A
:105290007F10002745454539003C4A494930000107
:1052A0007109050300364949493600064949291E56
:1052B00000003636000000005636000000081422B8
:1052C00041000014141414140000412214080002B8
:1052D0000151090600324959513E007C1211127CDD
:1052E000007F49494936003E41414122007F41410A
:1052F000221C007F49494941007F09090901003EFC
:105300004149497A007F0808087F0000417F410039
:10531000002040413F01007F08142241007F4040AF
:105320004040007F020C027F007F0408107F003E97
:105330004141413E007F09090906003E4151215E7D
:10534000007F091929460046494949310001017F7A
:105350000101003F4040403F001F2040201F003F10
:105360004038403F006314081463000708700807C2
:1053700000615149454300007F41410000552A55D5
:105380002A55000041417F00000402010204004050
:105390004040404000000102040000205454547872
:1053A000007F484444380038444444200038444492
:1053B000487F00385454541800087E090102001830
:1053C000A4A4A47C007F080404780000447D40006D
:1053D000004080847D00007F102844000000417F51
:1053E0004000007C04180478007C0804047800382D
:1053F0004444443800FC242424180018242418FCB5
:10540000007C0804040800485454542000043F441D
:105410004020003C4040207C001C2040201C003CE0
:105420004030403C004428102844001CA0A0A07C30
:10543000004464544C441414141414140000000068
:10544000000000000000000000000000000000F864
:1054500000000000000000333000000000100C06C7
:10546000100C0600000000000000000040C0784062
:10547000C0784000043F04043F040400007088FC2E
:1054800008300000001820FF211E0000F008F00086
:10549000E018000000211C031E211E0000F00888F7
:1054A000700000001E2123241927211010160E0061
:1054B000000000000000000000000000000000E00C
:1054C0001804020000000007182040000002041821
:1054D000E00000000040201807000000404080F07D
:1054E000804040000202010F01020200000000F0B3
:1054F000000000000101011F010101000000000087
:105500000000000080B070000000000000000000FB
:105510000000000000010101010101010000000084
:10552000000000000030300000000000000000001B
:1055300080601804006018060100000000E01008F8
:105540000810E000000F102020100F00001010F8CD
:10555000000000000020203F20200000007008080C
:10556000088870000030282422213000003008888C
:10557000884830000018202020110E000000C020B4
:1055800010F8000000070424243F240000F80888D5
:10559000880808000019212020110E0000E0108862
:1055A00088180000000F112020110E000038080894
:1055B000C83808000000003F0000000000708808A4
:1055C00008887000001C222121221C0000E0100825
:1055D0000810E0000000312222110F00000000C07E
:1055E000C00000000000003030000000000000801B
:1055F000000000000000806000000000000080400B
:105600002010080000010204081020004040404023
:105610004040400004040404040404000008102076
:1056200040800000002010080402010000704808BB
:105630000808F0000000003036010000C030C82823
:10564000E810E0000718272423140B000000C038DE
:10565000E0000000203C23020227382008F8888858
:1056600088700000203F202020110E00C030080864
:1056700008083800071820202010080008F808083B
:105680000810E000203F202020100F0008F8888834
:10569000E8081000203F20202320180008F8888800
:1056A000E8081000203F200003000000C030080878
:1056B0000838000007182020221E020008F8080001
:1056C0000008F808203F210101213F20000808F8C8
:1056D000080800000020203F2020000000000808EB
:1056E000F8080800C08080807F00000008F888C0AB
:1056F00028180800203F20012638200008F808005C
:1057000000000000203F20202020300008F8F80092
:10571000F8F80800203F003F003F200008F830C0A4
:105720000008F808203F200007183F00E010080894
:105730000810E0000F10202020100F0008F80808C3
:105740000808F000203F210101010000E0100808D6
:105750000810E0000F18242438504F0008F88888FB
:1057600088887000203F2000030C302000708808DB
:10577000080838000038202121221C00180808F8E9
:10578000080818000000203F2000000008F808006A
:105790000008F808001F202020201F00087888003B
:1057A00000C83808000007380E010000F80800F8AB
:1057B0000008F800033C0700073C03000818688055
:1057C0008068180820302C03032C30200838C800CB
:1057D000C83808000000203F20000000100808081A
:1057E000C83808002038262120201800000000FEBC
:1057F000020202000000007F40404000000C30C068
:1058000000000000000000010638C0000002020293
:10581000FE000000004040407F0000000000040245
:105820000202040000000000000000000000000070
:105830000000000080808080808080800002020460
:105840000000000000000000000000000000808058
:10585000808000000019242222223F2008F80080C6
:1058600080000000003F112020110E000000008089
:1058700080800000000E1120202011000000008018
:105880008088F800000E112020103F20000080804A
:1058900080800000001F222222221300008080F05E
:1058A000888888180020203F202000000000808089
:1058B00080808000006B94949493600008F80080CE
:1058C00080800000203F210000203F200080989829
:1058D000000000000020203F202000000000008089
:1058E0009898000000C08080807F000008F80000C9
:1058F00080808000203F24022D302000000808F81E
:10590000000000000020203F2020000080808080D8
:1059100080808000203F20003F20003F808000806A
:1059200080800000203F210000203F200000808078
:1059300080800000001F202020201F008080008029
:105940008000000080FFA12020110E0000000080D8
:1059500080808000000E112020A0FF8080808000C9
:105960008080800020203F212000010000008080F6
:10597000808080000033242424241900008080E0EB
:10598000808000000000001F2020000080800000B8
:1059900000808000001F202020103F208080800099
:1059A0000080808000010E300806010080800080A9
:1059B000008080800F300C030C300F0000808000CE
:1059C000808080000020312E0E31200080808000F9
:1059D0000080808080818E701806010000808080A9
:1059E000808080000021302C222130000000000047
:1059F000807C020200000000003F40400002027C68
:105A0000800000000040403F000000000000000057
:105A1000FF00000000000000FF000000402214080A
:105A2000F40200F80808FF0808F800000000000071
:105A30000000000000000000000000000844824157
:105A40003F00206321213F21293360000000000036
:105A50000000000000000000000000002010E8240A
:105A6000272424E424342C20E0000000000000005F
:105A700000000000000000000000000080601F091E
:105A80000909097F090949897F0000000000000019
:105A900000000000000000000000000000007C5436
:105AA0005556547C545655547C00000000000000AC
:105AB000000000000000000000000000010101FDE6
:105AC00045454545454545FD0101010000000000F3
:105AD000000000000000000000000000004E014E29
:105AE000034E074E084E094E0A4E0B4E0C4E0D4EFD
:105AF0000E4E104E114E134E144E154E164E184E9D
:105B0000194E1A4E1B4E1C4E1D4E1E4E224E244E3A
:105B1000254E274E284E2A4E2B4E2C4E2D4E304EC3
:105B2000324E344E364E384E394E3A4E3B4E3D4E46
:105B30003E4E3F4E434E454E474E484E494E4B4ECD
:105B40004C4E4D4E4E4E4F4E504E524E534E544E66
:105B5000564E584E594E5C4E5D4E5E4E5F4E604EF8
:105B6000614E664E694E704E714E734E7E4E864E3D
:105B7000884E894E8B4E8C4E8D4E8E4E8F4E914E52
:105B8000924E934E944E954E984E9A4E9B4E9F4EEB
:105B9000A04EA14EA24EA44EA54EA64EA74EA84E74
:105BA000A94EAB4EAC4EAD4EAE4EB24EB34EB54E10
:105BB000BA4EBB4EBF4EC04EC14EC24EC34EC44E77
:105BC000C54EC64EC74EC94ECA4ECB4ECD4ECE4E1A
:105BD000D14ED34ED44ED54ED64ED74ED84ED94EAA
:105BE000DD4EDE4EDF4EE14EE34EE44EE54EE84E36
:105BF000EA4EEB4EEC4EF04EF24EF34EF54EF64EB4
:105C0000F74EFB4EFD4EFF4E014F094F0A4F0D4F11
:105C10000E4F0F4F104F114F174F184F194F1A4F6C
:105C20001B4F1E4F1F4F204F224F244F254F264FF3
:105C3000274F2A4F2B4F2F4F304F324F344F364F75
:105C4000384F3A4F3C4F3D4F434F464F4D4F4E4FCD
:105C50004F4F504F514F534F554F574F584F594F2C
:105C60005A4F5B4F5C4F5D4F5E4F5F4F604F634FCE
:105C7000644F654F674F694F6C4F6F4F704F734F55
:105C8000744F764F7B4F7C4F7E4F7F4F834F844FB7
:105C9000884F894F8B4F8D4F8F4F914F944F974F18
:105CA0009B4F9D4FA04FA34FA54FA64FA74FA84F67
:105CB000A94FAA4FAC4FAE4FAF4FB54FBF4FC34FD9
:105CC000C44FC54FCA4FCE4FCF4FD04FD14FD74FF4
:105CD000D84FDA4FDC4FDD4FDE4FDF4FE14FE34F60
:105CE000E64FE84FE94FEA4FED4FEE4FEF4FF14FE0
:105CF000F34FF84FFA4FFE4F0C500D500F5012500B
:105D00001450185019501A501C501F502150255033
:105D10002650285029502A502C502D502E503A50A1
:105D20003C503E504350475048504C504E504F50BE
:105D300055505A505C5065506C50765077507B509F
:105D40007E507F508050855088508D50A350A55074
:105D5000A750A850A950AC50B250BA50BB50CF5029
:105D6000D650DA50E650E750EC50ED50EE50F3507C
:105D7000F550FB50065107510B51125121513F5123
:105D80004051415143514451455146514851495167
:105D90004B514D5151515451555156515A515C51DD
:105DA0006251655168516B516C516D516E5170511A
:105DB00071517351745175517651775178517951B0
:105DC0007B517C517D518051815182518551885147
:105DD00089518C518D5192519551965197519951AC
:105DE0009B519C51A051A251A451A551AB51AC5112
:105DF000AF51B051B151B251B351B551B651B75184
:105E0000BB51BC51BD51C051C451C651C751C951FC
:105E1000CB51CC51CF51D151DB51DD51E051E1514A
:105E2000E451EB51ED51EF51F051F351F551F65171
:105E3000F851F951FA51FB51FC51FD51FF510052FB
:105E40000152025203520652075208520A520D5290
:105E50000E521152125216521752185219521A5209
:105E60001B521D5220522452285229522B522D527D
:105E70002E523052335236523752385239523A52E9
:105E80003B523D523F5240524152425243524A527B
:105E90004C524D5250525152545256525C525E52D4
:105EA00061526552675269526A526F5272527D5204
:105EB0007F52815282528852905293529B529D52ED
:105EC0009E529F52A052A152A252A352A852A9522E
:105ED000AA52AB52AC52AD52B152B252B352BE52B0
:105EE000BF52C352C752C952CB52D052D252D652CD
:105EF000D852DF52E452F052F952FA52FE52FF5297
:105F000000530553065308530D530F5310531553A5
:105F10001653175319531A531D5320532153235308
:105F200026532A532E5339533A533B533E533F5330
:105F30004153435345534753485349534A534E5390
:105F40004F535153525353535553565357535A5318
:105F50005C535E535F5360536153625363536453A6
:105F60006653675369536B536E536F53705371533A
:105F7000735374537553775378537A537F538253C3
:105F800084538553865389538B538C538D53955328
:105F900098539A539D539F53A253A353A553A6536B
:105FA000A853A953AE53B653BB53BF53C153C253A7
:105FB000C853C953CA53CB53CC53CD53D153D453E5
:105FC000D653D753D853D953DB53DF53E053E3535E
:105FD000E453E553E653E853E953EA53EB53EC53E8
:105FE000ED53EE53EF53F053F153F253F353F55394
:105FF000F653F753F853F953FB53FC53FD53015435
:10600000035404540654085409540A540C540D54AF
:106010000E540F5410541154125413541554165452
:1060200017541B541D541E541F54205421542354E0
:1060300026542754285429542B542C542D542E5470
:106040002F543154325434543554385439543B5409
:106050003C543E5440544354465448544A544B5480
:1060600050545254535454545554565457545854ED
:1060700059545B545C54625464546654685471546B
:106080007254735475547654775478547B547C54BA
:106090007D5480548254845486548B548C548E5432
:1060A0008F549054925494549554965499549A54AD
:1060B0009B549D54A354A454A654A754A854A95423
:1060C000AA54AB54AC54AD54AF54B154B354B454BB
:1060D000B854BB54BD54BF54C054C154C254C4542A
:1060E000C654C754C854C954CC54CD54CE54CF54BC
:1060F000D054D154D254D354D454D554D754D95461
:10610000DA54DC54DD54DE54DF54E554E654E754ED
:10611000E854E954EA54ED54EE54F254F354FA546A
:10612000FC54FD54FF5401550655075509550F55AC
:106130001055115514551B552055225523552455DE
:1061400027552A552C552E552F5530553155335539
:1061500037553C553E553F55415543554455465599
:1061600049554A555055555556555C5561556455D8
:106170006555665567556A556C556D556E5575551F
:106180007655775578557B557C557E55805581558C
:106190008255835584558755885589558A558B5521
:1061A0008F5591559455985599559C559D559F558A
:1061B000A755B155B355B555B755B955BB55BD558F
:1061C000BE55C455C555C955CC55CD55D155D255DB
:1061D000D355D455D655DC55DD55DF55E155E3553E
:1061E000E455E555E655E855EA55EB55EC55EF55C0
:1061F000F255F355F555F755FD55FE550056015628
:10620000085609560C560E560F5618561B561E5653
:106210001F562356245627562C562D563156325685
:106220003456365639563B563F564C564D564E56BA
:1062300054565756585659565C56625664566856C8
:1062400069566A566B566C56715676567B567C5616
:10625000855686568E568F569356A356AF56B756CA
:10626000BC56CA56D456D756DA56DB56DD56DE56DD
:10627000DF56E056E156E256E456EB56ED56F05640
:10628000F156F456F556F956FA56FD56FE56FF5697
:10629000035704570657085709570A571C571F57E3
:1062A0002357285729572A572C572D572E572F57E2
:1062B0003057335739573A573B573E574057425755
:1062C00047574A574C574D574E574F5750575157AE
:1062D00057575A575B575C575D575E575F57605724
:1062E000615764576657685769576A576B576D57B8
:1062F0006F577357765777577B577C57825783571B
:106300008457855786578B578C57925793579B576F
:10631000A057A157A257A357A457A657A757A957A5
:10632000AB57AD57AE57B257B457B857C257C3570C
:10633000CB57CE57CF57D257D457D557D857D95711
:10634000DA57DD57DF57E057E457ED57EF57F4576B
:10635000F857F957FA57FD5700580258065807588A
:106360000B580D581158155819581E5820582158B7
:1063700024582A583058355844584C584D5851587C
:10638000545858585E5865586B586C587E58805809
:1063900081588358855889589258935899589A58D3
:1063A0009E589F58A858A958BC58C158C558D1588C
:1063B000D558E458EB58EC58EE58F058F358F658C6
:1063C000F9580259045907590D590F5914591559BB
:1063D000165919591A591C591F5924592559275901
:1063E00029592A592B592D592E592F593159345978
:1063F0003759385939593A593C59415942594459F0
:106400004759485949594B594E594F59515954595F
:1064100055595659575958595A59605962596559D9
:10642000735974597659785979597D5981598259D6
:10643000835984598659875988598A598D5992594F
:1064400093599659975999599E59A359A459A559A1
:10645000A859A959AA59AB59AE59AF59B259B95906
:10646000BB59BE59C659CA59CB59D059D159D2591D
:10647000D359D459D759D859DA59DC59DD59E35988
:10648000E559E859EC59F959FB59FF59015A035A92
:10649000045A055A065A075A085A095A0C5A115AE8
:1064A000135A185A1C5A1F5A205A235A255A295A25
:1064B000315A325A345A365A3C5A405A465A495A34
:1064C0004A5A555A5A5A625A675A6A5A745A755AE7
:1064D000765A775A7A5A7F5A925A9A5A9B5AAA5A95
:1064E000B25AB35AB55AB85ABE5AC15AC25AC95A00
:1064F000CC5AD25AD45AD65AD85ADC5AE05AE15A0F
:10650000E35AE65AE95AEB5AF15A095B165B175BF4
:10651000325B345B375B405B505B515B535B545B7E
:10652000555B575B585B595B5A5B5B5B5C5B5D5BC8
:106530005F5B625B635B645B655B665B695B6A5B5D
:106540006C5B705B715B735B755B7A5B7D5B805BC7
:10655000815B835B845B855B875B885B895B8B5B33
:106560008C5B8F5B935B955B975B985B995B9A5BAE
:106570009B5B9C5B9D5B9E5BA05BA15BA25BA35B4B
:10658000A45BA55BA65BAA5BAB5BB05BB35BB45BD8
:10659000B55BB65BB85BB95BBD5BBE5BBF5BC25B4B
:1065A000C45BC55BC65BC75BCC5BD05BD25BD35BBC
:1065B000DD5BDE5BDF5BE15BE45BE55BE85BEE5BE9
:1065C000F05BF85BF95BFA5BFB5BFC5BFF5B015C20
:1065D000045C065C095C0A5C0F5C115C145C155C75
:1065E000165C185C1A5C1C5C1D5C225C245C255CDF
:1065F000275C2C5C315C345C385C395C3A5C3B5C1D
:106600003C5C3D5C3E5C3F5C405C415C425C455CAC
:10661000485C495C4A5C4B5C4E5C4F5C505C515C36
:10662000555C595C5E5C605C615C635C655C665C8F
:106630006E5C6F5C715C795C7A5C7F5C815C825CB7
:10664000885C8C5C8D5C905C915C945C965C975CE7
:10665000985C995C9A5C9B5C9C5CA25CA35CA95C6A
:10666000AB5CAC5CAD5CB15CB35CB55CB75CB85CBE
:10667000BD5CBF5CC15CC45CCB5CD25CD95CE15CE2
:10668000E45CE55CE65CE85CEA5CED5CF05CFB5CD1
:10669000025D035D065D075D0E5D145D165D1B5DAD
:1066A0001E5D245D265D275D295D2D5D2E5D345DBB
:1066B0003D5D3E5D475D4A5D4B5D4C5D585D5B5D9C
:1066C0005D5D695D6B5D6C5D6F5D745D825D995D47
:1066D0009D5DB75DC55DCD5DDB5DDD5DDE5DE15D75
:1066E000E25DE55DE65DE75DE85DE95DEB5DEE5D84
:1066F000EF5DF15DF25DF35DF45DF75DFD5DFE5D07
:10670000015E025E035E055E065E085E0C5E0F5E65
:10671000105E115E145E155E165E185E195E1A5EDE
:106720001B5E1C5E1D5E265E275E2D5E2E5E315E4C
:10673000375E385E3B5E3C5E3D5E425E445E455E7B
:106740004C5E545E555E5B5E5E5E615E625E725E76
:10675000735E745E765E785E7A5E7B5E7C5E7D5E86
:106760007F5E805E845E865E875E8A5E8B5E8F5E05
:10677000905E915E935E945E955E965E975E995E86
:106780009A5E9C5E9E5E9F5EA05EA55EA65EA75E14
:10679000AD5EB35EB55EB65EB75EB85EB95EBE5E58
:1067A000C95ECA5ED15ED25ED35ED65EDB5EE85E57
:1067B000EA5EF45EF65EF75EFA5EFE5EFF5E005F26
:1067C000015F025F035F045F085F0A5F0B5F0F5F9B
:1067D000115F135F155F175F185F1B5F1F5F205FFF
:1067E000255F265F275F295F2A5F2D5F2F5F315F5F
:1067F000395F3A5F3C5F405F505F525F535F555F68
:10680000565F575F585F5D5F615F625F645F665FA1
:10681000695F6A5F6C5F6D5F705F715F735F775F09
:10682000795F7B5F7C5F805F815F825F845F855F74
:10683000875F885F895F8A5F8B5F8C5F905F925F05
:10684000955F975F985F995F9C5FA15FA85FAA5F64
:10685000AD5FAE5FB55FB75FBC5FBD5FC35FC45F79
:10686000C55FC65FC95FCC5FCD5FCF5FD05FD15FD3
:10687000D25FD65FD75FD85FD95FDD5FE05FE15F52
:10688000E45FE75FEA5FEB5FED5FEE5FF15FF55FAF
:10689000F85FFB5FFD5FFE5FFF5F0060016002600D
:1068A00003600460056006600A600D600E600F60A2
:1068B000126014601560166019601B601C601D601A
:1068C00020602160256026602760286029602A609A
:1068D0002B602F6035603B603C603F6041604260F0
:1068E00043604B604D6050605260556059605A6023
:1068F0005D606260636064606760686069606A6070
:106900006B606C606D606F60706073607660786003
:1069100079607A607B607C607D607F60836084608A
:1069200089608C608D609260946096609A609B60D4
:106930009D609F60A060A360A660A860AB60AC6033
:10694000AD60AF60B160B260B460B860BB60BC60A5
:10695000C560C660CA60CB60D160D560D860DA60BF
:10696000DC60DD60DF60E060E660E760E860E96011
:10697000EB60EC60ED60EE60EF60F060F360F4609F
:10698000F660F960FA600061016106610861096101
:106990000D610E610F6115611A611F612061236134
:1069A0002461266127612B613F6148614A614C6126
:1069B0004E61516155615D616261676168617061DD
:1069C000756177618B618E6194619D61A761A8613A
:1069D000A961AC61B761BE61C261C861CA61CB61C6
:1069E000D161D261D461E661F561FF61066208623E
:1069F0000A620B620C620D620E620F62106211621B
:106A0000126215621662176218621A621B621F62B6
:106A100021622262246225622A622C622E62336223
:106A2000346237623D623E623F624062416243626D
:106A30004762486249624B624C624D624E625162EB
:106A400052625362546258625B626362666267625A
:106A500069626A626B626C626D626E626F627062C2
:106A60007362766279627C627E627F628062846237
:106A700089628A629162926293629562966297627B
:106A800098629A629B629F62A062A162A262A46203
:106A9000A562A862AB62AC62B162B562B962BB6268
:106AA000BC62BD62BF62C262C462C562C662C762C6
:106AB000C862C962CA62CC62CD62CE62D062D26262
:106AC000D362D462D662D762D862D962DA62DB62FC
:106AD000DC62DF62E262E362E562E662E762E8628C
:106AE000E962EC62ED62EE62EF62F162F362F4621F
:106AF000F662F762FC62FD62FE62FF62016302639E
:106B00000763086309630E63116316631A631B63EB
:106B10001D631E631F632063216322632363246359
:106B2000256328632A632B632F63326339633A63D7
:106B30003D63426343634563466349634B634C6310
:106B40004D634E634F63506355635E635F63616380
:106B500062636363676369636D636E6371637663C6
:106B600077637A637B638063826387638863896307
:106B70008A638C638E638F6390639263966398637A
:106B8000A063A263A363A563A763A863A963AA63C1
:106B9000AC63AD63AE63B063B363B463B763B86350
:106BA000BA63BC63BE63C463C663C963CD63CE63AB
:106BB000CF63D063D263D663DE63E063E163E363F4
:106BC000E963EA63ED63F263F463F663F863FD631C
:106BD000FF6300640164026405640B640C640F6469
:106BE0001064136414641B641C641E6420642164B8
:106BF00026642A642C642D6434643A643D643F64E2
:106C00004164446445644664476448644A64526429
:106C1000546458645E64676469646D64786479641C
:106C20007A64826484648564876491649264956400
:106C3000966499649E64A464A964AC64AD64AE6413
:106C4000B064B564B764B864BA64BC64C064C26458
:106C5000C564CD64CE64D064D264D764D864DE6485
:106C6000E264E464E66400650965126518652565FB
:106C70002B652E652F653465356536653865396554
:106C80003B653E653F654565486549654C654F65B3
:106C900051655565566559655B655D655E656265FF
:106CA000636566656B656C6570657265746577654F
:106CB00087658B658C65906591659365976599652A
:106CC0009B659C659F65A165A465A565A765A9658C
:106CD000AB65AD65AF65B065B965BC65BD65C165E2
:106CE000C365C465C565C665CB65CC65CE65CF6536
:106CF000D265D665D765E065E265E565E665E76579
:106D0000E865E965EC65ED65EE65EF65F065F165F3
:106D1000F665F765FA6500660266036606660A664A
:106D20000C660E660F6613661466156619661D6698
:106D30001F6620662566276628662D662F663166E3
:106D40003466356636663C663E66416643664B662B
:106D50004C664F665266536654665566566657666D
:106D60005A665F6661666466666668666E666F66CA
:106D700070667466766677667A667E668266846614
:106D800087668C669166966697669D66A766A86616
:106D9000AE66B466B966BE66D966DB66DC66DD667D
:106DA000E666E966F066F266F366F466F766F9662B
:106DB000FC66FE66FF660067086709670A670B677F
:106DC0000D6710671467156717671B671D671F67D7
:106DD000266728672A672B672C672D672F6731671F
:106DE000346735673A673D67406742674367466780
:106DF000486749674C674E674F67506751675367ED
:106E000056675C675E675F6760676167656768674D
:106E100069676A676D676F677067726773677567C1
:106E200077677C677E677F67816784678767896725
:106E30008B6790679567976798679A679C679D6768
:106E40009E67A267A367A567A767A867AA67AB67DE
:106E5000AD67AF67B067B367B567B667B767B86761
:106E6000C167C367C467CF67D067D167D267D3678D
:106E7000D467D867D967DA67DC67DD67DE67E06704
:106E8000E267E567E967EC67EF67F067F167F3676B
:106E9000F467FD67FF6700680568076808680968A8
:106EA0000A680B680C680E680F681168136816682A
:106EB00017681D68216829682A683268336837684E
:106EC000386839683C683D683E6840684168426897
:106ED0004368446845684668486849684A684C6839
:106EE0004E685068516853685468556860686168B6
:106EF0006268636864686568666867686868696826
:106F00006B68746876687768816883688568866866
:106F10008F6893689768A268A668A768A868AD6834
:106F2000AF68B068B368B568C068C268C968CB6844
:106F3000CD68D268D568D868DA68E068E368EE683A
:106F4000F068F168F568F968FA68FC680169056934
:106F50000B690D690E69106912691F69206924693E
:106F60002D693069346939693D693F6942695469FD
:106F700057695A695D695E696069636966696B69C9
:106F80006E6971697769786979697C6980698269F4
:106F9000846986698769886989698D699469956951
:106FA00098699B699C69A769A869AB69AD69B16972
:106FB000B469B769BB69C169CA69CC69CE69D0696E
:106FC000D469DB69DF69E069ED69F269FD69FF6930
:106FD0000A6A176A186A1F6A216A286A2A6A2F6A67
:106FE000316A356A3D6A3E6A446A476A506A586A3D
:106FF000596A5B6A616A656A716A796A7C6A806AE1
:10700000846A8E6A906A916A976AA06AA96AAB6A72
:10701000AC6A206B216B226B236B246B276B326B6A
:10702000376B396B3A6B3E6B436B466B476B496B07
:107030004C6B596B626B636B646B656B666B676BF8
:107040006A6B796B7B6B7C6B816B826B836B846B04
:10705000866B876B896B8A6B8B6B8D6B926B936B7B
:10706000966B9A6B9B6BA16BAA6BB36BB46BB56B96
:10707000B76BBF6BC16BC26BC56BCB6BCD6BCF6B93
:10708000D26BD36BD46BD56BD66BD76BD96BDB6BF9
:10709000E16BEA6BEB6BEF6BF36BF56BF96BFD6B15
:1070A000056C066C076C0D6C0F6C106C116C136C1E
:1070B000146C156C166C186C196C1A6C1B6C1F6CAC
:1070C000216C226C246C266C276C286C296C2A6C31
:1070D0002E6C2F6C306C326C346C356C386C3D6CB3
:1070E000406C416C426C466C476C496C4A6C506C0D
:1070F000546C556C576C5B6C5C6C5D6C5E6C5F6C5F
:10710000606C616C646C686C696C6A6C706C726CDD
:10711000746C766C796C7D6C7E6C816C826C836C2B
:10712000856C866C886C896C8C6C8F6C906C936CA5
:10713000946C996C9B6C9F6CA16CA36CA46CA56CFB
:10714000A66CA76CA96CAA6CAB6CAD6CAE6CB16C88
:10715000B26CB36CB86CB96CBB6CBC6CBD6CBE6C07
:10716000BF6CC46CC56CC96CCA6CCC6CD06CD36C75
:10717000D46CD56CD66CD76CDB6CDE6CE06CE16CDF
:10718000E26CE36CE56CE86CEA6CEB6CEE6CEF6C5B
:10719000F06CF16CF36CF56CF66CF76CF86CFA6CE7
:1071A000FB6CFC6CFD6CFE6C016D046D076D0B6D72
:1071B0000C6D0E6D126D176D196D1A6D1B6D1E6DB8
:1071C000256D276D2A6D2B6D2E6D316D326D336DF2
:1071D000356D396D3B6D3C6D3D6D3E6D416D436D63
:1071E000456D466D476D486D4A6D4B6D4D6D4E6DED
:1071F0004F6D516D526D536D546D596D5A6D5C6D7F
:107200005E6D606D636D666D696D6A6D6E6D6F6DDF
:10721000746D776D786D7C6D826D856D886D896D0F
:107220008C6D8E6D916D936D946D956D9B6D9D6D57
:107230009E6D9F6DA06DA16DA36DA46DA66DA76DD4
:10724000A86DA96DAA6DAB6DAE6DAF6DB26DB56D6C
:10725000B86DBF6DC06DC46DC56DC66DC76DCB6DAE
:10726000CC6DD16DD66DD86DD96DDD6DDE6DE06DF7
:10727000E16DE46DE66DEB6DEC6DEE6DF16DF36D52
:10728000F76DF96DFB6DFC6D056E0A6E0C6E0D6E83
:107290000E6E106E116E146E166E176E1A6E1D6ED7
:1072A000206E216E236E246E256E296E2B6E2D6E40
:1072B0002F6E326E346E386E3A6E436E446E4D6E83
:1072C0004E6E536E546E566E586E5B6E5F6E6B6E86
:1072D0006E6E7E6E7F6E836E856E866E896E8F6E2D
:1072E000906E986E9C6E9F6EA26EA56EA76EAA6E33
:1072F000AF6EB16EB26EB46EB66EB76EBA6EBB6E76
:10730000BD6EC16EC26EC76ECB6ECF6ED16ED36EC8
:10731000D46ED56ED76EDA6EDE6EDF6EE06EE16E25
:10732000E26EE46EE56EE66EE86EE96EF46EF96E9E
:10733000026F066F096F0F6F136F146F156F206F59
:10734000246F296F2A6F2B6F2D6F2F6F316F336F63
:10735000366F3E6F466F476F4B6F4D6F586F5C6F68
:107360005E6F626F666F6D6F6E6F726F746F786F46
:107370007A6F7C6F846F886F896F8C6F8D6F8E6F63
:107380009C6FA16FA76FB36FB66FB96FC06FC26FFD
:10739000C96FD16FD26FDE6FE06FE16FEE6FEF6F8D
:1073A00011701A701B702370357039704C704F70EB
:1073B0005E706B706C706D706F70707075707670E1
:1073C00078707C707E707F708070857089708A7034
:1073D0008E70927094709570967099709C709D707C
:1073E000AB70AC70AD70AE70AF70B170B370B770A1
:1073F000B870B970BB70BC70BD70C070C170C27025
:10740000C370C870CA70D870D970DB70DF70E47058
:10741000E670E770E870E970EB70EC70ED70EF709B
:10742000F770F970FD7009710A711071137115719F
:107430001671187119711A7126712F7130713171AD
:10744000367145714A714C714E715C715E71647137
:107450006671677168716E717271737178717A712A
:107460007D7184718A718F719471987199719F7116
:10747000A071A871AC71B371B571B971C371CE71DE
:10748000D471D571E071E571E771EE71F971067231
:107490001D7228722A722C723072317235723672F5
:1074A0003772387239723B723D723F72477248725E
:1074B0004C724D725272567259725B725D725F728B
:1074C000617262726672677269726E726F727272E4
:1074D000757279727A727E727F7280728172847232
:1074E0008A728B728D728F7292729F72AC72AD7251
:1074F000AF72B072B472B672B772B872B972C1724A
:10750000C272C372C472C872CD72CE72D072D2729D
:10751000D772D972DE72E072E172E872E972EC72CF
:10752000ED72EE72EF72F072F172F272F372F47247
:10753000F772F872FA72FB72FC72017303730A73CA
:107540000E7313731573167317731B731C731D73EC
:107550001E7321732273257329732A732B732C7363
:107560002E73317334733773387339733E733F73CB
:107570004D7350735273577360736C736D736F7385
:107580007E738473877389738B738E739173967311
:107590009B739F73A273A973AB73AE73AF73B07316
:1075A000B273B373B773BA73BB73C073C273C87368
:1075B000C973CA73CD73CF73D073D173D973DE73AC
:1075C000E073E573E773E973ED73F27303740574A5
:1075D000067409740A740F7410741A741B7422747C
:1075E0002574267428742A742C742E7430743374A1
:1075F0003474357436743C744174557457745974CA
:107600005A745B745C745E745F746D7470747674B9
:1076100077747E7480748174837487748B748E74B1
:1076200090749C749E74A774A874A974BA74D2746C
:10763000DC74DE74E074E274E374E474E674EE7493
:10764000EF74F474F674F774FF7404750D750F75A8
:1076500011751375187519751A751C751F752575B3
:10766000287529752B752C752D752F75307531750D
:10767000327533753575377538753A753B753E75A6
:107680004075457548754B754C754E754F755475FD
:1076900059755A755B755C75657566756A75727531
:1076A0007475787579757F75837586758B758F752B
:1076B0009175927594759675977599759A759D756E
:1076C0009F75A075A175A375A475A575AB75AC75EF
:1076D000AE75AF75B075B175B275B375B475B57576
:1076E000B875B975BC75BD75BE75C275C375C47501
:1076F000C575C775C875C975CA75CD75D275D47588
:10770000D575D675D875DB75DE75E275E375E475EC
:10771000E675E775E875EA75EB75F075F175F47562
:10772000F975FC75FF7500760176037605760A76A5
:107730000C76107615761776187619761B761F76E6
:107740002076227624762576267629762A762B765A
:107750002D76307633763476357638763C763E76CE
:107760003F76407643764C764D76547656765C7608
:107770005E7663766B766F7678767B767D767E76D0
:10778000827684768676877688768B768E76917604
:10779000937696769976A476AE76B176B276B4760E
:1077A000BF76C276C576C676C876CA76CD76CE76F0
:1077B000CF76D076D176D276D476D676D776D8767E
:1077C000DB76DF76E576EE76EF76F176F276F476B6
:1077D000F876F976FC76FE760177047707770877F6
:1077E00009770B770D7719771A771F77207722772C
:1077F0002677287729772D772F773577367737775C
:1078000038773A773C7740774177437747775077B7
:1078100051775A775B7761776277637765776677B9
:1078200068776B776C7779777D777E777F778077EE
:10783000847785778C778D778E77917792779F771E
:10784000A077A277A577A777A977AA77AC77B07743
:10785000B377B577BB77BD77BF77CD77D777DB7752
:10786000DC77E277E377E577E777E977EB77EC7733
:10787000ED77EE77F377F677F877FD77FE77FF779A
:1078800000780178027809780C780D7811781278F0
:1078900014781678177818781A781C781D781F785D
:1078A000237825782678277829782C782D783078D1
:1078B00034783778387839783A783B783C783E783D
:1078C0004078457847784C784E785078527855789B
:1078D000567857785D786A786B786C786D786E78C2
:1078E00077787C78877889788C788D788E7891789D
:1078F0009378977898789A789B789C789F78A178F5
:10790000A378A578A778B078B178B278B378B4784E
:10791000B978BE78C178C578C978CA78CB78D0787C
:10792000D478D578D978E878EC78F278F478F77864
:10793000FA780179057913791E79247934793A79BD
:107940003B793C793E794079417946794879497962
:107950005379567957795A795B795C795D795E7993
:107960005F79607962796579677968796D796F791E
:10797000777978797A7980798179847985798A7942
:107980008F799A79A779B379B979BA79BB79BD79C1
:10799000BE79C079C179C379C679C979CB79CD79F6
:1079A000D179D279D579D879DF79E379E479E67933
:1079B000E779E979EB79ED79EF79F079F879FB7985
:1079C000FD79007A027A037A067A0B7A0D7A0E7ABA
:1079D000147A177A1A7A1E7A207A237A337A377AC7
:1079E000397A3B7A3C7A3D7A3F7A467A517A577AAD
:1079F000707A747A767A777A787A797A7A7A7F7AFC
:107A0000807A817A837A847A867A887A8D7A917A72
:107A1000927A957A967A977A987A9C7A9D7A9F7AD2
:107A2000A07AA57AA67AA87AAC7AAD7AB37ABF7A28
:107A3000CB7AD67AD97ADE7ADF7AE07AE37AE57A97
:107A4000E67AED7AEF7AF97AFA7AFD7AFF7A037BB1
:107A5000047B067B087B0A7B0B7B0F7B117B147BF3
:107A6000157B197B1B7B1E7B207B247B257B267B48
:107A7000287B2A7B2B7B2C7B2E7B317B337B387BBB
:107A80003A7B3C7B3E7B457B477B497B4B7B4C7BFE
:107A90004F7B507B517B527B547B567B587B5A7B70
:107AA0005B7B5D7B607B627B6E7B717B727B757BBE
:107AB000777B797B7B7B7E7B807B857B8D7B907BE3
:107AC000947B957B977B9C7B9D7BA17BA27BA67BFC
:107AD000A77BA87BA97BAA7BAB7BAC7BAD7BB17B77
:107AE000B47BB87BC17BC67BC77BCC7BD17BD37B94
:107AF000D97BDA7BDD7BE17BE57BE67BEA7BEE7B9A
:107B0000F17BF77BFC7BFE7B077C0B7C0C7C0F7C8A
:107B1000167C1F7C267C277C2A7C387C3F7C407C22
:107B2000417C4D7C737C747C7B7C7C7C7D7C897C03
:107B3000917C927C957C977C987C9C7C9D7C9E7CA7
:107B40009F7CA27CA47CA57CAA7CAE7CB17CB27C10
:107B5000B37CB97CBC7CBD7CBE7CC17CC57CC77C55
:107B6000C87CCA7CCC7CCD7CD57CD67CD77CD97CAF
:107B7000DC7CDF7CE07CE87CEF7CF87CFB7C0A7DB5
:107B8000207D227D277D2B7D2F7D6E7D777DA67DBF
:107B9000AE7D3B7E417E477E827E9B7E9F7EA07E29
:107BA000A17EA27EA37EA47EA57EA67EA77EA87EC1
:107BB000A97EAA7EAB7EAC7EAD7EAF7EB07EB17E6E
:107BC000B27EB37EB57EB67EB77EB87EB97EBA7E13
:107BD000BD7EBE7EBF7EC07EC17EC27EC37EC47EB1
:107BE000C57EC67EC77EC87EC97ECA7ECB7ECC7E61
:107BF000CD7ECE7ECF7ED07ED17ED27ED37ED47E11
:107C0000D57ED77ED87ED97EDA7EDB7EDC7EDD7EB9
:107C1000DE7EDF7EE07EE17EE27EE37EE57EE67E66
:107C2000E77EE87EE97EEA7EEB7EED7EEE7EEF7E0D
:107C3000F07EF17EF27EF37EF47EF57EF67EF77EB8
:107C4000F87EFA7EFB7EFC7EFD7EFE7EFF7E007F60
:107C5000017F027F037F047F057F067F077F087F08
:107C6000097F0B7F0C7F0D7F0E7F0F7F117F127FAF
:107C7000137F147F157F167F177F187F197F1A7F58
:107C80001B7F1C7F1D7F1F7F207F217F227F237F03
:107C9000247F257F267F277F287F297F2A7F2B7FB0
:107CA0002C7F2D7F2E7F2F7F307F317F327F337F60
:107CB000347F357F367F387F3A7F427F447F457FF0
:107CC000507F517F547F557F577F587F5A7F5F7F0A
:107CD000617F627F687F697F6A7F6E7F717F727F5D
:107CE000747F797F7E7F817F8A7F8C7F8E7F947F78
:107CF0009A7F9D7F9E7F9F7FA17FA47FA77FAF7F7D
:107D0000B07FB27FB87FB97FBC7FBD7FBF7FC17FAF
:107D1000C57FCA7FCC7FCE7FD47FD57FD87FDF7FE2
:107D2000E07FE17FE57FE67FE97FEE7FF07FF17F17
:107D3000F37FFB7FFC7F008001800380048005804F
:107D400006800B800C800D801080128014801580BE
:107D500016801780188019801C8020802280258042
:107D600026802780288029802A80318033803580B2
:107D70003680378038803B803D803F804280438022
:107D800046804A804B804C804D8052805480588081
:107D90005A8069806A8071807F808080838084803F
:107DA0008680878089808B808C8093809680988065
:107DB0009A809B809C809D809F80A080A180A280D3
:107DC000A480A580A980AA80AB80AD80AE80AF8062
:107DD000B180B280B480B780BA80BC80BD80BE80E4
:107DE000BF80C080C180C280C380C480C680CC8078
:107DF000CD80CE80D680D780D980DA80DB80DC80D1
:107E0000DD80DE80E180E480E580E780E880E98055
:107E1000EA80EB80EC80ED80EF80F080F180F280F2
:107E2000F380F480F680F880FA80FC80FD80028187
:107E3000068109810A810D810E810F8110811181D6
:107E4000128113811481168118811A811E812C815F
:107E50002F8131813281368138813E81468148814E
:107E60004A814B814C81508151815381548155818C
:107E700059815A8160816581678169816D816E81D7
:107E800070817181748179817A817B817C817D812E
:107E90007E817F818081828188818A818F819181A9
:107EA00098819B819C819D81A381A681A881AA81C3
:107EB000B381BA81BB81C081C181C281C381C681C6
:107EC000CA81CC81E381E781EA81EC81ED81F38194
:107ED000F481FB81FC81FE810082018202820482A6
:107EE000058206820C820D821082128214821B820D
:107EF0001C821E821F8221822282238228822A8261
:107F00002B822C822D822F823082318233823482E6
:107F1000358236823782388239823B823E82448281
:107F2000478249824B824F8258825A825F8268829E
:107F30006E826F82708272827382748279827A8298
:107F40007D827E827F828282848288828A828B8204
:107F50008D828E828F82918292829782988299827C
:107F60009C829D829F82A182A482A582A682A882F1
:107F7000A982AA82AB82AC82AD82AE82AF82B0828D
:107F8000B182B382B482B782B882B982BD82BE8226
:107F9000C182C482C782C882CA82CB82CC82CD828F
:107FA000CE82CF82D182D282D382D482D582D7822E
:107FB000D882DB82DC82DE82DF82E082E182E382C1
:107FC000E482E582E682EB82EF82F182F482F7823C
:107FD000F982FB8201830283038304830583068382
:107FE0000783088309830C830E830F831183148313
:107FF000158317831A831B831C83278328832B8372
:108000002C832D832F8331833383348335833683CD
:10801000388339833A833C83408343834683478351
:1080200049834F8350835183528354835A835B83A4
:108030005C835E835F836083618363836483658322
:1080400066836783688369836A836B836C836D83CC
:108050006E836F83778378837B837C837D83858343
:10806000868389838E839283938398839B839C8367
:108070009E83A083A883A983AA83AB83B083B183A3
:10808000B283B383B483B683B783B883B983BA8327
:10809000BC83BD83C083C183C583C783CA83CC83AC
:1080A000CF83D483D683D883DC83DD83DF83E083EF
:1080B000E183E583E983EA83F083F183F283F88344
:1080C000F983FD8301840384048406840B840C8477
:1080D0000D840E840F84118418841C841D842484D0
:1080E0002584268427842884318438843C843D84F4
:1080F00046845184578459845A845B845C846184A7
:10810000638469846B846C846D84718473847584E6
:10811000768478847A8482848784888489848B8432
:108120008C848E84978499849C84A184AF84B28447
:10813000B484B884B984BA84BD84BF84C184C4843F
:10814000C984CA84CD84D084D184D384D684DD8488
:10815000DF84E084E384E584E684EC84F084FC84BA
:10816000FF840C851185138517851A851F85218548
:108170002B852C853785388539853A853B853C8527
:108180003D854385488549854A85568559855E855F
:10819000648568857285748579857A857B857E8519
:1081A0008485858587858F859B859C85A485A88505
:1081B000AA85AE85AF85B085B785B985C185C985E6
:1081C000CF85D085D385D585DC85E485E985FB859C
:1081D000FF850586118616862786298638863C8681
:1081E0004D864E864F865086518654865A865E86C8
:1081F00062866B866C866E86718679867A867B86C9
:108200007C867D867E867F868086818682868A863B
:108210008B868C868D86938695869C869D86A38686
:10822000A486A786A886A986AA86AC86AF86B086CD
:10823000B186B486B586B686BA86C086C486C6863A
:10824000C786C986CA86CB86CE86CF86D086D1869B
:10825000D486D886D986DB86DE86DF86E486E98604
:10826000ED86EE86F086F186F286F386F486F88651
:10827000F986FE86008702870387078708870987B4
:108280000A870D87128713871587178718871A871C
:108290001C871E87218722872387258729872E878A
:1082A0003187348737873B873E873F8747874887B3
:1082B00049874C874E8753875787598760876387DD
:1082C000648765876E877087748776877B877C87EE
:1082D0007D877E8782878387858788878B878D8741
:1082E000938797879F87A887AB87AC87AD87AF8732
:1082F000B387B587BA87BD87C087C687CA87CB874C
:10830000D187D287D387DB87E087E587EA87EE8747
:10831000F987FE8703880A881388158816881B88C2
:1083200021882288328839883C884088448845885A
:108330004C884D885488578859886188628863883A
:1083400064886588688869886B886C886E8870889E
:10835000728877887D887E887F88818882888488F3
:10836000858888888B888D88928896889C88A28842
:10837000A488AB88AD88B188B788BC88C188C2881A
:10838000C588C688C988CE88D288D488D588D88838
:10839000D988DF88E288E388E488E588E888F0887F
:1083A000F188F388F488F888F988FC88FE880289C7
:1083B0000A8910891289138919891A891B892189C7
:1083C00025892A892B8930893489368941894489CC
:1083D0005E895F8966897B897F89818983898689AE
:1083E000C189C289C489C589C689C789C889C9891B
:1083F000CA89CB89CC89CE89CF89D089D189D289C4
:10840000D689DA89DC89DE89E389E589E689EB8921
:10841000EF89F389008A078A3E8A488A798A898A9D
:108420008A8A938A078B268B668B6C8BA08BA18B99
:10843000A28BA38BA48BA58BA68BA78BA88BA98BB8
:10844000AA8BAB8BAD8BAE8BAF8BB08BB28BB38B60
:10845000B48BB58BB68BB78BB88BB98BBA8BBC8B07
:10846000BD8BBE8BBF8BC08BC18BC28BC38BC48BB0
:10847000C58BC68BC88BC98BCA8BCB8BCC8BCD8B5A
:10848000CE8BCF8BD18BD28BD38BD48BD58BD68B02
:10849000D78BD88BD98BDA8BDB8BDC8BDD8BDE8BB0
:1084A000DF8BE08BE18BE28BE38BE48BE58BE68B60
:1084B000E78BE88BE98BEB8BEC8BED8BEE8BEF8B0B
:1084C000F08BF18BF28BF38BF48BF58BF68BF78BB8
:1084D000F88BF98BFA8BFB8BFC8BFD8BFE8BFF8B68
:1084E000008C018C028C038C048C058C068C078C10
:1084F000088C0A8C0B8C0C8C0D8C0E8C0F8C108CB9
:10850000118C128C138C148C158C168C178C188C67
:10851000198C1A8C1B8C1C8C1D8C1F8C208C218C14
:10852000228C238C248C258C268C278C288C298CBF
:108530002A8C2B8C2C8C2D8C2E8C2F8C308C318C6F
:10854000328C338C348C358C368C378C418C468C09
:10855000478C498C4C8C558C5A8C618C628C6A8C03
:108560006B8C738C788C798C7A8C828C858C898CD2
:108570008A8C8C8C948C988C1D8D1E8D1F8D218DDA
:10858000228D238D248D258D268D278D288D298D57
:108590002A8D2B8D2C8D2D8D2E8D2F8D308D318D07
:1085A000328D338D348D358D368D378D388D398DB7
:1085B0003A8D3B8D3C8D3D8D3E8D3F8D408D418D67
:1085C000428D438D448D458D468D478D488D498D17
:1085D0004A8D4B8D4C8D4D8D4E8D4F8D508D538DC5
:1085E000548D558D568D588D598D5A8D5B8D5C8D62
:1085F0005D8D5E8D608D618D628D638D648D668D08
:10860000678D6B8D6D8D708D738D748D758D768D81
:10861000778D818D848D858D8A8D8B8D918D948DB7
:108620009F8DA38DB18DB38DB48DB58DB88DBA8D61
:10863000BC8DBE8DBF8DC38DC48DC68DCB8DCC8DB5
:10864000CE8DCF8DD18DD68DD78DDA8DDB8DDD8D15
:10865000DE8DDF8DE38DE48DE88DEA8DEB8DEC8D85
:10866000EF8DF38DF58DF78DF88DF98DFA8DFB8DEE
:10867000FD8D058E098E0A8E0C8E0F8E148E1D8E2A
:108680001E8E1F8E228E238E298E2A8E2C8E2E8E4B
:108690002F8E318E358E398E3A8E3D8E408E418EA4
:1086A000428E448E478E488E498E4A8E4B8E518E16
:1086B000528E598E668E698E6C8E6D8E6F8E708E18
:1086C000728E748E768E7C8E7F8E818E858E878E56
:1086D0008F8E908E948E9C8E9E8EAB8EAC8EAF8E37
:1086E000B28EBA8ECE8E668F678F688F698F6B8FD2
:1086F0006C8F6D8F6E8F6F8F708F718F728F738F86
:10870000748F758F768F778F788F798F7A8F7B8F35
:108710007C8F7D8F7E8F7F8F818F828F838F848FE1
:10872000858F868F878F888F898F8A8F8B8F8D8F8C
:108730008E8F8F8F908F918F938F948F958F968F31
:10874000978F988F998F9A8F9B8F9C8F9E8F9F8FDB
:10875000A38FA88FA98FAB8FB08FB18FB68FB98F32
:10876000BD8FBE8FC18FC28FC48FC58FC78FC88F7B
:10877000CE8FD08FD18FD38FD48FD58FD88FD98FE5
:10878000DB8FDC8FDD8FDE8FDF8FE28FE48FE58F75
:10879000E68FE88FE98FEA8FEB8FED8FEE8FF08F0A
:1087A000F38FF78FF88FF98FFD8F00900190029073
:1087B000039004900590069009900A900B900D90FC
:1087C0000F901090119012901490169017901A908C
:1087D0001B901D901E901F9020902190229026901B
:1087E0002D902E902F903590369038903B903C9065
:1087F0003E9041904290449047904D904F905090C1
:10880000519052905390579058905B906290639023
:10881000659068906D906E90749075907D907F904B
:1088200080908290839088908B9091909390959077
:10883000979099909B909D90A190A290A390A690C4
:10884000AA90AC90AE90AF90B090B190B390B4902D
:10885000B590B690B890B990BA90BB90BE90C190C8
:10886000C490C590C790CA90CE90CF90D090D19030
:10887000D390D790DB90DC90DD90E190E290E69091
:10888000E790E890EB90ED90EF90F490F890FD90E9
:10889000FE900291049119911E91229123912F91A2
:1088A000319139914391469149914A914B914C9123
:1088B0004D914E914F915091529157915A915D9196
:1088C0005E916191629163916491659169916A9100
:1088D0006C916E916F91709171917291749175918B
:1088E00076917791789179917D917E917F91859123
:1088F000879189918B918C918D9190919191929189
:108900009A919B91A291A391AA91AD91AE91AF91B1
:10891000B491B591BA91C791C991CA91CC91CD91B9
:10892000CE91CF91D191DC9174928E92AE92C892F9
:108930003E936A938F93CA93D6933E946B94859497
:1089400086948794889489948A948B948C948D943B
:108950008E948F94909492949394949495949794E5
:1089600099949A949B949C949D949E949F94A09483
:10897000A194A294A394A494A594A694A794A89433
:10898000A994AA94AB94AC94AD94AE94AF94B094E3
:10899000B194B294B394B494B594B694B794B89493
:1089A000B994BA94BB94BC94BD94BE94BF94C09443
:1089B000C194C294C394C494C594C694C894C994F1
:1089C000CA94CB94CC94CD94CE94D094D194D29498
:1089D000D594D694D794D894D994DB94DC94DD9430
:1089E000DE94DF94E094E194E294E394E494E594DB
:1089F000E794E894E994EA94EB94EC94ED94EE9483
:108A0000EF94F094F194F294F394F494F594F69432
:108A1000F794F894F994FA94FC94FD94FE94FF94DE
:108A20000095019502950395049505950695079582
:108A3000089509950A950B950C950D950E950F9532
:108A400010951195129513951495159516951795E2
:108A5000189519951A951B951D951E951F9521958D
:108A600022952395249525952695289529952A952F
:108A70002B952C952D952E952F95309531953295DA
:108A80003495359536953795389539953A953B9582
:108A90003C953E953F954095419542954495459529
:108AA0004695479549954A954C954D954E954F95C8
:108AB000509551955295539554955695579558956F
:108AC00059955B955C955D955E955F956195629511
:108AD00063956495659566956795689569956A95BA
:108AE0006B956C956D956F95709571957295739565
:108AF00076957F95E895E995EA95EB95ED95EE9558
:108B0000EF95F095F195F295F395F495F595F69529
:108B1000F795F895F995FA95FB95FC95FD95FE95D9
:108B20000096019602960396049605960696089678
:108B300009960A960B960C960D960E960F96109621
:108B400011961296149615961696179619961A96C9
:108B50001C961D961F96219622962A962E96319641
:108B6000329633963496359636963B963C963D969D
:108B70003F96409642964496459646964796489626
:108B800049964B964C964D965096549655965B96B4
:108B90005F966196629664966796689669966A96FD
:108BA0006C96729674967596769677968596869656
:108BB00088968B968D968F96909694969796989683
:108BC00099969C96A796B096B396B696B996BC968B
:108BD000BD96BE96C096C196C496C596C696C796D3
:108BE000C996CC96CD96CE96CF96D296D596E0964F
:108BF000E896E996EA96EF96F396F696F796F99642
:108C0000FE9600970197049706970797089709978C
:108C10000D970E970F97139716971C971E972A97E5
:108C20002D9730973297389739973E9752975397A9
:108C3000569759975B975E9760976197629765978C
:108C400069977397749776977C9785978B978D978D
:108C50009197929794979897A097A397AB97AD9772
:108C6000AF97B297B497E697E797E997EA97EB97AC
:108C7000EC97ED97F397F597F69775987698779820
:108C8000789879987A987B987C987D987E987F9848
:108C900080988198829883988498859886988798F8
:108CA000889889988A988C988D988F9890989198A0
:108CB000939894989698979898989A989B989C9837
:108CC0009D989E989F98A098A198A298A498A598DE
:108CD000A698A798CE98D198D298D398D598D89896
:108CE000D998DA98DE98DF98E798E8980D99109966
:108CF0002E995499559963996599679968996999D5
:108D00006A996B996C996D996E996F99709971992F
:108D1000729974997599769977997A997C997D99D0
:108D20007F9980998199849985998699879988995D
:108D30008A998B998D998F999099919992999399F4
:108D4000949995999699979998999999A599A89987
:108D50006C9A6D9A6E9A6F9A709A719A739A749AC5
:108D6000759A769A779A789A799A7A9A7B9A7C9A6F
:108D70007D9A7E9A7F9A809A819A829A849A859A1D
:108D8000869A879A889A8A9A8B9A8C9A8F9A909ABE
:108D9000919A929A939A969A979A989A9A9A9B9A53
:108DA0009C9A9D9A9E9A9F9AA09AA19AA29AA39AF7
:108DB000A49AA59AA79AA89AB09AB19AB69AB79A7D
:108DC000B89ABA9ABC9AC09AC19AC29AC59ACB9AD2
:108DD000CC9AD19AD39AD89ADF9AE19AE69AEB9AEA
:108DE000ED9AEF9AF99AFB9A039B089B0F9B139BB2
:108DF0001F9B239B2F9B329B3B9B3C9B419B429BFE
:108E0000439B449B459B479B489B499B4D9B4F9B4A
:108E1000519B549B7C9C7F9C819C829C859C869CC6
:108E2000879C889C8B9C8D9C8E9C909C919C929CFA
:108E3000949C959C9A9C9B9C9C9C9E9C9F9CA09C7B
:108E4000A19CA29CA39CA49CA59CA69CA79CA89C1E
:108E5000A99CAB9CAD9CAE9CB09CB19CB29CB39CBD
:108E6000B49CB59CB69CB79CB89CBA9CBB9CBC9C63
:108E7000BD9CC39CC49CC59CC69CC79CCA9CCB9CE7
:108E8000CC9CCD9CCE9CCF9CD09CD39CD49CD59C80
:108E9000D69CD79CD89CD99CDC9CDD9CDE9CDF9C1E
:108EA000E29C1F9E209E219E229E239E259E269E02
:108EB000289E299E2A9E2B9E2C9E2D9E2F9E319E63
:108EC000329E339E359E369E379E389E399E3A9E00
:108ED0003D9E3E9E3F9E419E429E439E449E459E99
:108EE000469E479E489E499E4A9E4B9E4C9E4E9E45
:108EF0004F9E519E559E579E589E5A9E5B9E5C9ECD
:108F00005E9E639E649E669E679E689E699E6A9E44
:108F10006B9E6C9E6D9E709E719E739E7E9E7F9ECC
:108F2000829E879E889E8B9E929E939E9D9E9F9ED4
:108F3000A69EB49EB89EBB9EBD9EBE9EC49EC99E6C
:108F4000CD9ECE9ECF9ED19ED49ED89EDB9EDC9E93
:108F5000DD9EDF9EE09EE29EE59EE79EE99EEA9E04
:108F6000EF9EF99EFB9EFC9EFE9E0B9F0D9F0E9F0B
:108F7000109F139F179F199F209F229F2C9F2F9F09
:108F8000379F399F3B9F3D9F3E9F449F509F519FDE
:108F90007F9F809F839F849F859F869F879F889FB9
:108FA000899F8A9F8B9F8C9F999F9A9F9B9F9F9F32
:108FB000A09F960C34025208F70ABE0D2C095C09DA
:108FC000830BB10ED600240DB30E6C01590EA3080D
:108FD000B60EAB09C108B800900CAB013E02080AFE
:108FE000B80E3D025A064C0C3209BC0E45033B0C30
:108FF000F512230ED20285017606CB0EED0AD901B9
:109000000D0B4A0E35065C05BE0E82074605C00EE6
:109010000D07C00C010E3D0B9C0D000497021506B8
:109020002C08E707980881034401AD0CCE0E4805D3
:1090300065088D0C710BA80BD409CF0EED06CD067B
:1090400018097D086806210DEE0DAD099102B00EDC
:10905000130DD8055D0D0E04D00E480B3105B70E6B
:10906000440CC80BCC0E5C0FFB0A9B05E004B0035C
:10907000BB0C1501EB036D07AE0B2C05A90A5E06B0
:10908000A8085E0F610FFA08F80EB50C9D09F908E3
:10909000FB0EF90ED50E1B0540086901FA0E1605E8
:1090A0000E050309AA01D306F100810EB609440A90
:1090B000C10D05038A0B470FFF0E7B08FD0ED10182
:1090C0008B06AF0CFC0EA20CFE0E2007730C2C0EB0
:1090D000010F040FC504A204FD08CE02B302660806
:1090E000070F9C0C4C0B8604ED029602FC0B2D0E18
:1090F000FE0C58044A04000F2E09130B8201020FC4
:109100005809050FD206060F140B080FC9006D038E
:10911000100F4800830679090E0A0F0A110F1D026D
:10912000E0011E0B0202520EA50E0C0D8C0AD90393
:109130000F0F490F190D0C0FE102A80E0D0F090FAB
:109140000E0F9A07EF0C030F4A0F0A0FFA070F06CC
:109150006D0C3A009804130F120F190F1B0F180F04
:10916000A409160F090E5701150F3C06B709170F72
:10917000140F1D0F440256039B0C810BBD06E9041E
:10918000E10DFB009908CC051A0F1C0F4D0BF903DC
:10919000A708A000B0018002210F82054B0F9F0895
:1091A0003D06250F200AEE02220F240F60001A0D43
:1091B000260FE40B230F1E0F1F0F4606200FBA04C5
:1091C000FD0BF80266052A0F270F12002F0F310F33
:1091D00073002C0FEE0176056F0AFD03AB0C300F08
:1091E0000D052401320F6E05330F280F96072B0F44
:1091F0002E0F2D0FA30D080EB408350FA004370F46
:10920000290F380F1E08360FA70EA80AC604390FFB
:10921000D107BA0A3A0F340F1E01DF0504033B06DB
:109220005700CD013B0F3C0F79013D0FB6012000E7
:109230003E0F4209B20B3F0F6206430F3B09420F3C
:10924000410F440F240ACE041A08400F450F460F61
:1092500014091B068C02B20E610D410DF50B5D0168
:10926000CC0D890B8F03AC053B076502C80A5B0F69
:109270005D0FE801480227051A09DA082A00580399
:1092800096064F0FFB055F038503EA0BB5005708F1
:1092900062051902790E750CAD04C9098404530FD7
:1092A000F60E91072303EC08FC00700D09073A073E
:1092B0006D0F0E09D30B7F05BE0787036E0F400DA0
:1092C0006F0F680F3F02DC02B600690F5E0179057F
:1092D000D7058C0C230646026B0F6A0F3E05530818
:1092E0006D0E6C0F560627028506BC04AC017A068B
:1092F000B4077F04A302E002590F31088E0534043D
:10930000FF01F20FF60BBE0A1B006F016004F30FA2
:10931000BA037B0DEB012802E50EFF08C702A10886
:10932000E60E9005E40FE70EEB0B1704C7156D066C
:109330009206890D24038B016E014B09E507EE07A8
:109340003A06AD00E80E7B03F201E90E190EEB09B7
:10935000DE083F09A301AD05A103EA0EEB0E7A0278
:109360008804910AB80BEC0E81087D03C804850AB5
:109370003D08EF0EED0EEE0E5D006A058E09BB0492
:1093800000033D03F10EF004F30EF20E1108F40E8B
:10939000F50E4306DF084B0053039A04540BE60F07
:1093A000700642024D0EC107FE04E70FE80F3706B4
:1093B00025050C06E90FB109C500FB0C3C07280C7C
:1093C000EB0F1406EC0F92057307AB08ED0F550F6A
:1093D00064096103530B5F0D5B00A901F80B560F85
:1093E0000E11580FBF0E18046E005001DD0E680DEF
:1093F000D804D0057C0BDF0EBC02E00E1808C908AB
:10940000980CE10E9B0799097808B50E8A094A0B5A
:1094100045044A001304CC0B6D00950E700EDA0162
:10942000EF068607C400D200A2005311B10D8905D2
:10943000A706E40EAC06E30E370BAB0F230BC30EEF
:109440000707DA0C060B7B04E308CC067005D50B86
:10945000AC0FB50820018502A30A39063606360C82
:109460005E0CD60EF9002406FC03D70E440DA20BA9
:10947000D80ED90E840B71014A05DA0EF50FD40807
:10948000990B2D09E9000F0D010177040A0DF4096C
:10949000A5029302D009D008C709A1000F0CE60766
:1094A000EE0F3302BB05720367058A06571156118A
:1094B0000E0EF504CE0D27003602AA054F0A5411F0
:1094C000A2090B0DDE0E910CD003070A650A581194
:1094D000250255112E0D4D0146035B11DA0371046F
:1094E0002A02B10A5407FE033306C70AB30B591107
:1094F000860BBB065A11EB0680057C06D10AD20CFE
:10950000BE0262116511E20228006902C502B703BA
:10951000A40AB505FA096708FB0D6611450B2C0175
:109520005F0B8C012A0BFB03440B3A0C6111CB013E
:10953000430135035C117C075D115E115F11D0079B
:1095400060116311480D64118B083B0B8F076B1181
:1095500070112F0E6A117B11190BD2036F11691153
:10956000F3077809FF0355075A0567116E11ED07D8
:109570009B0DD8034F05F60C0F03370E68116B03D4
:10958000880599066C116D1171117C118611781185
:1095900077117A0E84118511C013820C73118A051C
:1095A000720DA90575118D0B7E11470C7F110600F8
:1095B0002A087411F0037202E00AAB036C0D8011EB
:1095C000AD0B040088117211430C761179117A11D8
:1095D0007D11120481118211831187118911ED0C03
:1095E0003603CB078B11670945067B07BF05B90B0F
:1095F000D10D8F11D300EA038D11EA0F610C3D0AE2
:109600009401050092116D0A93118E118A118C112B
:10961000901191112604941195110C04C6090B0B9D
:10962000A6112301A511A0119F11DE0A9D119B1106
:10963000B105750E5909991100009E119C11A111D7
:10964000A711B90214084309F1059611D307D30EE7
:109650009A11AD07A211A311A411C40BB3118B0A67
:10966000B0118705AE111C0BAA115309ED05AD1100
:10967000F803BB03A8119711B211B7118401B811F7
:10968000730BD303AF11190CAB11920D9811FC079A
:10969000AC11300DB511B611C311000CBB11C811BE
:1096A000C911BD11A9113109C011B111B309C211FC
:1096B000B4112E0B0C0ACC11C511C111CA11B9116C
:1096C000BE11BF11C411C611C711CB11BA111D0AA9
:1096D000D411D511D111CF119504D0111103D40E8D
:1096E000090CEA06CE11BC11D311D211D611DB112F
:1096F000D711490E29019D0E040AD9115E0BE4030E
:10970000E011DC11880CE111DA11D811DE11DF1142
:10971000DD11E3116A08BB0E820DE511B409E411F5
:109720001003E611E711E811E211CA038E0AE911EC
:10973000BA0BEA11F108E5048907EB11EC11C50831
:109740000D0AED114104C50ECD0CEE11CA0A6D02D1
:10975000F011470DE605A8010A0BEF11F11179038D
:10976000A703C10AF2114708F311490DD508F511F5
:10977000F411F611C60A9009710D001002100110C3
:109780009403051006100D02031004101A010810AE
:1097900061040A0E09107C05AC02F90F550A930505
:1097A0001E04A90EB405CA05A8045A0A07103200FF
:1097B0004E0BC9026A0E3508E305600A10100A1044
:1097C0002D080C1011100C0813101210A1050F1009
:1097D0000E109001EB059D060B100D10EC0B1610F2
:1097E0001C061B1075021C10FB0F6503420D1510A3
:1097F000B2051910FA0F1B021410C60517101A1023
:1098000022104E030200EC064001181021104508FA
:109810001D101E1020101F1027102B0DD500261014
:109820002B10241023102510F50762042A102C1089
:109830006A0A6402A5102810291086087C022E10DE
:109840002D1030106100010291055C0C55022F10A3
:10985000430AFC15250A470A680A2A093110950AA5
:109860003210FC0F361033103605E6093410570954
:1098700070078E0835108D0D050C62076802FD0F0C
:109880009700FE0FFF0FC903EF08AA09F808640E3E
:109890008609A8050304970C75127D017500030362
:1098A000850B540F670BE70A5A0F7302940C680379
:1098B00074127212CA01930A520AE302C10E680CB2
:1098C000C6039209BC0A9F0CC505970474020811CF
:1098D0000911E50F560C59088507DF02CD02DD0599
:1098E000910E680879000B11D6047E0A0D110C1137
:1098F00021026A092100C307C0078307B004460A92
:10990000CE03CE131609CF13020B620E0D03E3062E
:109910000009D0135D0292047A0CD4134707D713C1
:10992000D313D813DC0AB202D113D213D61394077F
:10993000DB13DA131C075108DD136E07D513A709D3
:1099400008057003D913F40B120BDC13E313810C1D
:10995000CF04E013E2131006A70C6E04E413D10C3D
:109960007C0E030BE30AA106DE13DF13E404E1130C
:10997000E613E513E913EB13A6077F076D057C09D2
:10998000EA1383023D07220DE713E813D108F01311
:10999000EC133808F60AEE13EF135204F113ED132B
:1099A000F605DD0CF2138109F613F713150C1607F3
:1099B0001D07F513F413FA13720BFD15FD13F813BD
:1099C000A50436097C04940BFB13FC130114031447
:1099D0000414FE130A02FF1302149207F913001471
:1099E0000514071406140814650F09140A14840ECC
:1099F00010141114B805670D870EBD01380A0D1437
:109A0000D20E7F0EC10B2807121485046F030E14AB
:109A1000240CAD03CA06BA0ED609C3130F14E6020E
:109A20001509AC078713B507450A8813A10D270D43
:109A3000C3091100170AEF0AF5038A1389138B0E65
:109A40008603390E3B02F50AA60C6300A0096101EA
:109A50008009AE051A0CBD098B132B049D0B59030D
:109A60006E0DB103640CBD0B99048C130C09CE056B
:109A7000B300270A8C048B04D50C3507BD050A03F7
:109A80001B07B903390DAF08660707017E03901362
:109A90006506A40D91139313BE0167020B0A2D0CEA
:109AA000F101C409D3027109D004210BA10EC00B2E
:109AB00066098E020B14A90437015D090C141B0101
:109AC0000F11010D10117D0C111150051211970984
:109AD000D70C5801BF1398072405150BA907590582
:109AE0001B08FE005605CD08920A1105400BA5097A
:109AF0003408C113DB0BAE0DC213DF09C50AC00663
:109B0000C413BF06C513CD13D20A4A09B40C0512FB
:109B1000250D330A640809120412061207120C12EA
:109B20000801081229030A120B120D12EF010E127E
:109B3000101215124F0C1312121288061412570D20
:109B40000F12171215001112DA05161218121B1235
:109B50001912180E800B1A121C12C8067E02310D43
:109B60009E08D60281051D121E12241260015C0897
:109B7000B5013F0C25122312221220121F127D0064
:109B8000AD0D21122812291227127B1730122F1225
:109B9000870826122B122D1231122E122A122C1285
:109BA000321233123412351237123812040B6E147B
:109BB0007F01300E2F0C2B015103A40E9A08610572
:109BC0005B033A0B0901F80F8104AC0C110A2C005D
:109BD000B00B500F12058F00BB09D700F0099C0293
:109BE0009109640BF711BF0DFA11F911D607A20AFA
:109BF0004E06F811360ECA00170E1002CF01F40DF2
:109C0000700B4E00FB11FE111C01FC11FD110A0727
:109C10003607FF11EA02380400127207011202121D
:109C20000312880118033008A107BD00F10B6C1462
:109C30002C04100DFD0C90038A12600EBD089000DC
:109C400089018C12110CA9068B12C305DF0C0C02C2
:109C50008D121F0246074C03FD02E807C0028F1257
:109C60008E125B02AA0EAA0A93129112E7099605B8
:109C7000F20C901292124B06070696129512E90505
:109C80006B06971298129912F10F500CA70ACD0487
:109C90000611B40E8B05F60FC70C6D08BF07071130
:109CA00094004F11A80952115A03D80CF402F6037C
:109CB00053011102BA0D2F07930B0A04C813C713DF
:109CC000C913E90A2409E4019008CB131716BB1342
:109CD0009603E601B706BD13BC13BE13A80C4712CA
:109CE000ED0BB30A620CE500A800AF000208B80D46
:109CF000E90C39123A12B60C32018800FE0AEC0D5A
:109D00003B123905D4013C12E7033D121B04C40683
:109D10003E120B0CC20A3F12F801DC07401241123E
:109D2000320D42122A0C4312050B4412F701451260
:109D30003E04E30B9B129500BF0C9C129004FB08A1
:109D40009E126516641650119D12110E010BFF062E
:109D5000DC12250EA212A312000DA712CD05A81227
:109D6000A0123901A507A912E20B0104A412CF0227
:109D70001C04530A140A9F12A112A512A612B212B1
:109D8000AF128C0DAE12C207EF0DD707DB00AA127F
:109D9000AD124C06050AD601B4127804AC12F30BCE
:109DA000500DB0128303B112A408AB128D0E6616CB
:109DB000B3126A16B912BC0952063904B705EE038C
:109DC000EA096B16681667163F046C16130C6916C1
:109DD000E9038A02BA124502980A5403630B720817
:109DE000B3058402B512B612B812B7128C07BB12B3
:109DF000FA0CC0129508650BC212C203C1124304CB
:109E0000BC12BD12C312BF12550BFF0C25045A0D14
:109E1000B1076D161B0CBE124E07C6126C00CB129A
:109E20008904C512F401BA08C9122D05F40A5C04AC
:109E30008F0AC812CA12680BC7120C0B4604200204
:109E40006805ED0046017600C412EC00E1018C03C8
:109E50007B02AC0BD0123504F608E90BD112670176
:109E60006E16330D1D0D6F16D212BD0CCE12170DCE
:109E70001F03CC12CF12D002CD12E105D3124F0D29
:109E80009F01D4122E048409720974077016F80613
:109E900044048F05220BD5129705AC008E0DD71206
:109EA0007216D812B4037116D612D912C103410228
:109EB000D70B2200731674160006DA12C807DB12DD
:109EC0003910751639034F0B5215060CE4090509B4
:109ED000780B4201350B0905F7125B045315B20DDF
:109EE0005008541555155715561559155815FD0494
:109EF0005A15B9069801CE0110044D164C16B00241
:109F0000420A9F004E1655094F165016C1091311EB
:109F1000E000910D3E082600C9010209D50A990505
:109F2000BC057508070EE805141135096C0CB90756
:109F300046002F01F4084100E7020F088602C70D12
:109F400049018304260174053000B10CCE09560E78
:109F5000BB0A49029A05D00DF602EC071511BA05A5
:109F6000D00691080D046500FF0710084E0A640032
:109F70000B025F071611370C62014B07E802470E10
:109F8000D8010B016B07A007EC0517114700D90793
:109F90007D0682035F05DD0A2D00D40A19115305E1
:109FA0006F0E1811C50D3C0099079E06B704EE0C04
:109FB000F805B607C100880DE705AE091A11F10DC5
:109FC0005D03DC08F2091C119E052708580E9B0949
:109FD0007A074F017F030B0EA7151300C7059B0AD5
:109FE000DF0A120EC906310B490ACD0B8A07E701B9
:109FF0001B11EA0D7E043C040300C707C301E60DF4
:10A00000A8151D11AB0AF10A490B1F11B60AE50587
:10A010006E0E1E112500BF036009AA076B05D10053
:10A020000B06390AB8042404EC010A082911261188
:10A03000600522118E0102052311A407870B15026A
:10A040007102C50929022811BB0D2411740A710877
:10A05000DA078F0C7505CE06640A3101F804B905DC
:10A06000CB0A570CC201271120112A11A915AB06E2
:10A070002511130EDC010F012B1135113011341194
:10A080000F09920E32114107880A0001990C311113
:10A090002E11380B7E018C054105F7042C11450D5E
:10A0A00021112D11FE052F110E013803A206E60421
:10A0B00038113B11C6007B01C101330939111A0A5D
:10A0C00032033A113D113C11690A4000C5018F135A
:10A0D000CE0B0601AA1537117009361139007C0C18
:10A0E000B400560A3311ED099F0D3E11B4015D070E
:10A0F000401157075807421169063F11720525089C
:10A100003E012509030A41114511630E3001600625
:10A110009C08C000C0015C0EA30743114411461106
:10A12000BE0347111D065009F400B7084811AD08D9
:10A130004911AB151C0A4B114A11DC00DF074C1109
:10A14000730DF0084D1173054E11FA0D6215BF1510
:10A15000C0090B0F13035203B602F30D7703C60BAE
:10A16000241905024D074B05C0151C00F1044F06CC
:10A170009300210121032F096B02C1153705E8095E
:10A180009408F00DE402270BA00DB0001A163E0053
:10A190001C164A026C06AF19D00BDA0D360B1405EB
:10A1A0005B01FA02AB0D82166202020AE10BAE02FB
:10A1B0001D169409E90720161F16BE061E161C0C54
:10A1C00021162216960E231624165F08410B8F04C3
:10A1D0000409DE014C050F0E7E0D2B0C100C6315CF
:10A1E00064156515C0039C09D605FF0A6B15190097
:10A1F0006915E4056615180150075104B20C570B98
:10A200006A1567156E15E60BEC0C91011A07A30E83
:10A21000C60DB20970156F15721571153A0E950BB2
:10A22000761537041F055B0977154609BF0B7515B1
:10A23000650D78157A15F20A74157915510B4704D6
:10A240003801480833055D0BB8082A057B151A0E3E
:10A250005D06740D7C157F0B7D15D909C4071400AC
:10A260007F157E15361971076600B4138015DA095B
:10A27000811582154B0883158415520DCB08920C5D
:10A280004B036D15F700F7068F0D8D0A9F0E590DC4
:10A29000090DCC150808EF02DD15000AE7150906BF
:10A2A000000B28014D0805167507170B60077B008A
:10A2B000940DE0093F0E460877026304FF0B3E0948
:10A2C0006A0DD7081A03AD144909AA142D06F20B1A
:10A2D000DF00BC01AB14BD0D5802AC14E3092B0325
:10A2E0009C0AF3056B0CAE14B114C7036A00010598
:10A2F0006815B214B514BA14BB14120A44007204DF
:10A300006603B014FC0AB914590BE20D7306B314BA
:10A310000F07A803F90DB714CB097D0DAF14B414C2
:10A32000B6148A08D402B814BE05C114C614C414E5
:10A33000A3049604CA14CD14C914B70037006A07E1
:10A340001B035508ED081009BE14C314C5149E0361
:10A35000C714A60EB207CB140401C014B404A3059D
:10A36000BC144C0E95060C01CE14AC09C814990D02
:10A37000A700B00DBD14BF144302C214CC14F705DE
:10A38000E209F1094F083406D814C20BE1143D0E5E
:10A39000CF14D014760CD603480340036B0DDE14A3
:10A3A000DD14DB149D03790AD514090BD3051700BE
:10A3B000E014DF14710ED314AE0A30092104000535
:10A3C000D914D114D214D414EA01D6149608DA148C
:10A3D000DC14D5045F0EE714E414B50AE51457063F
:10A3E000D71410074F00E314E61450035F09270742
:10A3F000430B25063C0A840AD40BCC09E214B304AF
:10A40000E81437075808A4035300890E730404089E
:10A410006B0AF3143A09EF142106A405ED14840322
:10A42000EA14F114A90CF014050E660EF414DC0401
:10A43000EB14EC14EE14DB0A870CFF14F614810104
:10A440009201F814C70BF2147701F9142206F714DD
:10A4500006150515FB14E914F5148D05FE140715F2
:10A46000A006FC141403FA14150D011502150415A9
:10A47000141505061215FD140815500009159A0D3E
:10A480000B150C150E158E06E5080A150F1510157F
:10A49000001503151A040D15BE0411151315171513
:10A4A0001B15F60015159F0218151915B60D5A073C
:10A4B0002515EC031615DC0C211524151D151C158E
:10A4C00092081F15261541012015B10B1A157001B0
:10A4D000231527155B0A6E0B2215291528152B1538
:10A4E0001E152A152C1523078808A5011F04DF0B4C
:10A4F0000A16CC07340D0B160C164E08CF050D1698
:10A500000E16C90B890837030F160C0EF20DA201A7
:10A51000D800470B5A08E60ACC01090AA6042F15F1
:10A520003015670C3215D0013115300CCD09EB0018
:10A53000351533153415060E3615371538153915FA
:10A540001616CE076102CE0C230242041816BE0C6A
:10A55000460B6F0718075102C80E85008C008E004D
:10A5600013088D000407A60DAD15CC03610AAE15C6
:10A57000B015B115AF15B215B415B315B515BA09A7
:10A58000C40E4A07FE066B08B6158107B715B81545
:10A59000B915C602EB02BA15B308BC15AF03720CAD
:10A5A0001000BB15BD15DF01C306B908BE15F709BC
:10A5B000F812F90C480FA60A000EC4084D0F4C04FF
:10A5C000C503FB126C0BF9125409C403310CFA12C7
:10A5D00019095C03D20451013E0B670A01130213EF
:10A5E000F90A540A7A0403130413F90B6E08CB0218
:10A5F000B008A50C390BFD1205137F093A010013B1
:10A600005608FE127816FF124009FB076203140772
:10A61000FC12D2074106D406F20006130F046407A9
:10A6200009135D0514130E13DE03C102060D210E7E
:10A63000C80D6E03A90D550CD80BC708D908CF005B
:10A640003307071315130813990210130D13AB02E8
:10A65000B7070F13F207C3006F089707530E2006C2
:10A66000121313131613500A0C13F70C80007916EB
:10A670000A130B131113D90B36088A0D171305058E
:10A680001E131D13700C1A1320132609750B1F13AC
:10A690002513E006470217051913F40321132313AA
:10A6A0009002310E2913241318135704E20A730879
:10A6B000DE0794061B138408D104E2041C13780EF1
:10A6C000FD0022138A04261354042713BD07281300
:10A6D000D80D840531132E13321334134908D103D6
:10A6E0000A06F0022B13380DAE0323053313C40AF8
:10A6F000B007BC0B7309F80C920B2A132F133013FD
:10A70000900A750A13062C134D062D13330B2A04D9
:10A7100008022209CC04BC0D3909F102411343138C
:10A72000410C950CB803DF033A1322027E0E371357
:10A73000BE0B36137906710AD2098E077B0A3F13C6
:10A740003E1338133B13E201120D3D13D40CBA0132
:10A750001D047B09950155044A0C940A7A16B60823
:10A760003F0D4213860E3913CA043C131F0D4013CC
:10A77000850935131E0DCF085C02930DCE004E13D4
:10A78000250B44131F0B2A034D13AB05070D45077B
:10A79000DD074F13C90A46134B134C130904A70BCB
:10A7A000B40D491347134513EA0A9509E205CB0492
:10A7B0004A1317035E134B0D52138C066013C20C21
:10A7C000561357136B0B260A511348135C130B09CE
:10A7D0005A139E075913581375015F1316027D0E05
:10A7E0005D131504830E760A01165B13A303200E76
:10A7F00050135313F5065513C6060306CB06B200D5
:10A80000590A03026613220854086C13A4062B0687
:10A810005A0C6513650764136D136B13F906541313
:10A820006713E909B90D6813770C62136313691391
:10A830000E0BE0078208B506611367065D0A2A0160
:10A8400072136A13711374137313470133016E1378
:10A8500070136F130108FC057F0D77132300791324
:10A8600078136B047A1376137513B1007D137E137E
:10A870007B137C137F134C08801382138113841382
:10A8800083138D0385138613590448164907FB016A
:10A890003B048606850D4705770E6D0DEE002516E7
:10A8A0006C15AA068D01540C2D01E1089C05271694
:10A8B0001E0E261628162C166905660AEF073F0598
:10A8C0002D16BB002B169D0D1802291653065C0190
:10A8D0002A16010A0206A50A6F062F16F1031206B0
:10A8E000450E490C9F05A40262092E164B04730AFB
:10A8F0002205F7086A0BEE0A0008DA02460CC303C9
:10A90000301631162904321649167700CA02DE04C1
:10A910003316630C3416EA0838163A163604AC04BB
:10A920003616440913074A16CA0D3716460E39164D
:10A9300035163B163C164C09690BFB0B290C0A0912
:10A940003D16580BD709411640161D003E163F16FE
:10A950004B16EB08640643165D0C4216860D441632
:10A96000EF0F4516690046164716570ED507C51551
:10A970000D00770507038A0C35002E02C20EF5097B
:10A98000F6121F084500DB07C215C315C4153D0CA0
:10A99000B8079D1569076C070D069E157807520BC1
:10A9A0009B159F15890974087F0A610BA015A115D5
:10A9B0006D0B2606A2155202A315A415A515A61502
:10A9C0009C15DD084812A90249124A12650E4B1265
:10A9D0004C12050D4E12D2054D1207027400501292
:10A9E0004F120704511264035405B307E803EB0444
:10A9F000521254125302820B93095312ED0D350D6E
:10AA0000551259125612571229065B125C1206068D
:10AA100058125A12601271065E12631219015D1209
:10AA20002607DD00621261125F1264126612E80BE3
:10AA3000400E01076712980B6912FA032D15681270
:10AA4000651214044A0D6B126A122E156C126D12E7
:10AA50006E12480A6F1270121D0CC5062A0DFA0AF2
:10AA6000711472144405E50675147414EB0A0E078C
:10AA700073142004970B7E067A1479148514BE0093
:10AA80007B1477147D147C144709D90D76149A022F
:10AA900078147F1484143C0E7E14831482143F00B7
:10AAA0008614C30804062C068D06811487143F0AF9
:10AAB00091149014720E8B148A148C1488148F14B1
:10AAC0008E148D147206AA081208D807BE089214B4
:10AAD0009514941496140204891493141F093709C9
:10AAE000981492037B0C971499149C149D1444069B
:10AAF0009E149F149B14A3149A14A014A414A114BC
:10AB0000A214A614A5147C038B178C1723084900E4
:10AB1000EE08E40A300B5C155D153208A0015E15E5
:10AB2000DC0DDE105F1560156115190351118209E6
:10AB3000970A87098809FC0CEF09F5028D177F0039
:10AB40008D13960A020D9E0477091C0287071E02C8
:10AB5000D11616046F14D2162201D516D4160C0580
:10AB6000D3161A0BE4079106F70FD616120CCF0670
:10AB70005B089D02D71664016404D8166D14D916BB
:10AB8000D3041F18D309A40CB917BA17BB1763064F
:10AB90003C035105BD17C607BC176E0CBF172B0031
:10ABA0000F05BA0CBE178601D902C517C4171608BF
:10ABB000C017C1179A01C217E30D820A550579041F
:10ABC000C717C617C317BC00F50DF10C3A05DB0813
:10ABD000C917740C1F0EE603C8174E02B90A1908EC
:10ABE0003E06CA17CD17CC17CF17CB172704CE17A1
:10ABF0005C0AD1174E019100D217D317D517B801AF
:10AC0000D017D617D917D717D417DC17D817DB17D3
:10AC1000DD17DE17240BE117E0179306DA17C809D2
:10AC2000C801AE00580AE317E417E917C30DE61789
:10AC3000E208DF17E817E517E217E7170800EA1739
:10AC4000EC17EE17ED17EB171F0CEF17F0179C031F
:10AC5000FC0136003800840DF901F904330486172D
:10AC60002D03871707008817F30A89178A17170813
:10AC7000380E211822184C07140D240EFD07E80C7D
:10AC8000C10CE4161A00AA0D4B0CA704DB03D9056E
:10AC90001603F601E1078D092407E516760735024C
:10ACA000B116FD06040EA10BB416E3076F028C0962
:10ACB000B216B516B61615079505B316B916B7161A
:10ACC000DB0D3807B816BB16980D200CBA162907ED
:10ACD000BC16D5056F05BD169E0A580C760EEB0DF9
:10ACE000C116C016BE16BF16C2162905F809C4162D
:10ACF0005002C5167707C3160305E2005602C816B0
:10AD0000C90EC616C91642076B01CA16C7167A0BBA
:10AD1000CB16F206CC16CD16EE1026089708480E74
:10AD2000FE01FB09CE16B00ACF16A50DD016D71915
:10AD3000F00F7A0105072318A309AE0CFD0D731758
:10AD40005B05E80474175F020A009A097B167C16FB
:10AD50005C0BA002D4057D16E6063D097E16690847
:10AD6000940581160D084D0C5A0E7F1680165F0C47
:10AD70008416851689168D168B169316DD0D8E1684
:10AD80008C168316FE0739087609690D8616871614
:10AD900088168A16380678019503951696168F162A
:10ADA00094165B0BFF0991169216B60B97168F0639
:10ADB000EB0C9016E608B60405089B162402B006B4
:10ADC0000C00320A6B009916F00A17029A169816B0
:10ADD0009C162F029D169E16A11689000B08B5041D
:10ADE0009F16630A0501A016A2079C015400A41631
:10ADF0001906BF01E207A216A505A3165C07A51652
:10AE0000A616A81674063004DD04A716A916AB16FC
:10AE1000AA16AC16A9095116300674095216610813
:10AE20005316600854165716970E5A16581655168C
:10AE30005616540E7E09370A5B165916AA0B5D1674
:10AE4000240887045C16F0015F045E16640F200579
:10AE5000B6065F166016F202611662166316260DBC
:10AE6000BD0E2A06AE08D703020C060ABF0A20034D
:10AE7000B900C008290EA705440776173107930EBD
:10AE800078174C01A9086A0C1B0E7917771766040E
:10AE90003F01FA04A10C4904620B7D177C177A1755
:10AEA00045016109F9097F173D001C0E7E176601F7
:10AEB000E8192B0B81178017F301A10465043403F3
:10AEC00079078217340A8517250C4205BF08F31746
:10AED000F417B6058001F517C00AA508A20DF617EC
:10AEE000F717A0087F0C220EF817F604870140051B
:10AEF000B301340BC005FA17DB05F917FC17FB1774
:10AF0000FD17FE179B063F06E509B30D3D053C0501
:10AF1000B70D8305B40AF21704055E02440EBC188F
:10AF2000BD181C03BF18C0182900BE18C2183A0A61
:10AF3000C418C50B8700C118C8180602D018CB1852
:10AF4000CD18CC18EC027C00C718C3180F02C91822
:10AF5000CA18CE18C618AA049A06CF18D318C5184E
:10AF6000FD011305D5189502D105510EB70AC70189
:10AF7000FA00D118D2184509D618D718DA18D818F7
:10AF8000DC18DB18D418CB056801D9187A08B90485
:10AF9000E4186C03DD18C80067042C0AE618E218F0
:10AFA0008903E718DE18DF18E318DC06E518E8184F
:10AFB000E118C404A50BE918E018EB185E0E1D0893
:10AFC000EC18EA18A3062C03EE18ED18B201EF18DE
:10AFD000F018F118F90528060608F418F318AF015F
:10AFE000F718F218F518F618F818FA183204F918C4
:10AFF000FB18D900FD18FC18750430074E0F1F060A
:10B000002319820ECC02251940063C08AD01A80D7B
:10B01000271926192819230A2919580D330ED10288
:10B02000550658062A192F05B9012B192C192E057A
:10B030002D1932192E19311908042F19301931031D
:10B040006E0A3319F5002C077A0D98053419C907D3
:10B050004019760B2C0B210A400A1905800E1A069E
:10B06000140C411942194319541AA20244199C0E96
:10B0700045192C1443052D14F7032E148C0B2F1493
:10B08000530D7D043014311494040109160B32144D
:10B09000960133144109280380078E0ED506C80295
:10B0A000100E290BB502BB073414A00B351436144F
:10B0B000371454069A0E7D09790B020E280E3814A7
:10B0C0004C0039143A146909CA0C30053B1452007B
:10B0D0000D0906053C14F5083D144F044703210CE7
:10B0E0003E14E2067B05EF04B80A3F1440147105D4
:10B0F000040C300A770A930441146F04160C4214AE
:10B10000170C431444149901451446148B090F0B72
:10B11000390748147E006A0149144A148C0EB50D93
:10B120004B14C7066B0E4C144D144E14B1043E075D
:10B1300001064F1450147004511452144714630242
:10B1400053145414551423041302C1069D005614BD
:10B150004C0D57140E0359145814DD025A141301E0
:10B160005B145C145D145E145F1460146114E00CD5
:10B170003E0A621463146414651456096614671455
:10B18000681469146A14EE046B14B7182603E008F7
:10B19000B818B918BA188B03FD0AF70EBC03D90604
:10B1A000DA169402DC16DB163400DE16CB0DA00E88
:10B1B000160EE016DB09DF16E116E316E2166F0C39
:10B1C0008D081907300384061D19FE0B1E199C0BF0
:10B1D000E9081F19201921192219670F4D03C613F9
:10B1E000290D37192F0B5A01F117C90C3819A90B62
:10B1F00039199D080902BB013B193A193C193D193F
:10B200003E19BD031E003F199E02C80C860C0E0697
:10B210009D05AC15D40D731530188B02EC0984070D
:10B22000241825184A032618CF035C0D310027186F
:10B23000281829182A182B182C182E182D18EA0748
:10B240002F188D023118890C0A11130A5501D701E4
:10B250004F03AB073218331861069806030E3418F3
:10B26000351847062B085E053618A60137187716DD
:10B270007616290AB90C0A0ACD0D11091E066804B2
:10B28000CA15C30B350E5A022703C9151D03C8156D
:10B290001F017603FE0DE502BB02AE04AF02CF151F
:10B2A000D0151800B005CE15360DD115D215BF0238
:10B2B000CB15CD1583092A0EC20DD10BD8151B0B4A
:10B2C000D915DD017000DB154C0AEB07DC15DA152A
:10B2D000F407D7158F09DE155A000504C60E20188D
:10B2E000D315D415D515D615DF15F313E215C905F9
:10B2F000A30CE015E5153B03E115DF04F70B160081
:10B30000E6159307FF0DB701F1068004E315E41578
:10B31000770D5D088B07E815BC07620FCC00ED15B3
:10B32000EA04EB15EC15FB02D60AEE15EA155006F9
:10B3300015089A0AEF15EF05930CF015FE02FC02B2
:10B34000F1158C08F80AF315F415F615E70BFB1543
:10B35000F715FA152809790CF515F21508039A0B5B
:10B360009C07F815F915810ACD0A5100FF15FE1545
:10B37000CD002F030016A9006C0A5B07660B0216AE
:10B3800009160708031652099A120716D30A081657
:10B390009800F00CB70C0616041635015B15850EE7
:10B3A00002196D01140E150EDE0D4D05FE18830CED
:10B3B000FF18001901194E05180D6D096E09BB180B
:10B3C000D109990A7112FD094B0B2E0E04190519AA
:10B3D00006190919C8030A19420007190819C704F0
:10B3E000F0000D190E197902CB00900B0B19830197
:10B3F0000C190F191019AC0A1119121913191B0A7B
:10B4000014191519161935195906AF0438095B0CAA
:10B41000CA133A10B00C3B100B003C10FF04401054
:10B42000D10E3E102C0D630941103D104210FB0659
:10B4300043104C104410420BF80D56105410591084
:10B440000B05A6063F10521055104510C3022400EC
:10B450004E10DD0B48101104AD0253104D10461074
:10B46000AC083C0C471051105710100B49104A10F3
:10B470004F105010EF0058101E0A4E0D621066104B
:10B480004D0A6D1040076310A20560105900630358
:10B490006C105A104B105D102309C10548097A0041
:10B4A000DB0C61105C102E086510730E0807A702F4
:10B4B000A208020769105F1072105B106410280563
:10B4C0005E1067106A106B107F10681087106E1086
:10B4D000B2049B01FC0602018110791076108310E2
:10B4E0007510CB0C030106091209821074107E102E
:10B4F0007C1026057B10F8007A10BD046F102D0417
:10B5000032069B047010711078107D108010E901D4
:10B510000809500485108410E40C861088108A10E5
:10B52000CC0C89108B108C10840CD4038E109B10C3
:10B53000961099109510410831063C09731093102C
:10B540009C10771094109D1091109E1098109210DE
:10B5500061078D10F20548068F10901097105A045D
:10B560009A10E10C9F10A0100007B710A110B610A0
:10B570006A0358057D05D503AF10AA10A410E60094
:10B58000A810B010BF00BA10A3104308B510B9102E
:10B590007F06B702B310B410A910A210B210780A37
:10B5A000AE10A71021072F08110BB110AD10A61077
:10B5B000AB10D706E20CE30CB810B50B2709CB1083
:10B5C000AC10C510DF06C610BC104B0EBE10BD106F
:10B5D0003F03BB1042084002C7100404780DCC1092
:10B5E000A701BF10DC05C810C410C2100E02C010A5
:10B5F000C110C310D404C910CA10DA1022072B0AD4
:10B60000D710F00E4408D910E90DD810D510D1107C
:10B61000D410CD100D0C0709D310CE10CF103B0A5B
:10B62000D2108A00F5058204D610DC10DB10D01091
:10B630000308E010E710E610DD104807F606D60D07
:10B64000180BE210E7009F07CA098F08DF10E1100E
:10B65000E310E51009008B00EF10E910DB041E0970
:10B66000E410E810EC10EB10EA10F010630DF61087
:10B67000ED10F11018065E00F910F410F510230C0F
:10B68000F810F210F310DC0BF710D809FC10FB10C7
:10B69000FA10FE100A05F3004307FD10CF07FF1054
:10B6A000800A9B027C0D001102115907041101113F
:10B6B0000311AF0D051149180B04AD06C507C206ED
:10B6C0004A18080C160DC6155F014B184C1898093E
:10B6D000F2034E1850184F182D0A7B0B4D189F0976
:10B6E000AA0CE706260B5318550052185918EA0001
:10B6F0003E0C55185718800D561851185A185818DE
:10B70000541862185F18611865185D185B18601886
:10B710004E0E5C18CA086C0963187303E5015E18C5
:10B7200064186B18711840047018E10A3E0E6D1809
:10B730006F18410366186918F406D20D6718681867
:10B740006A186E187418F50C7D02DC09D50272189F
:10B75000731875187818761877184E0C6C18CE0A6E
:10B76000320BFC0D7E1834077B18EE05871879180C
:10B770007C1883187D188218811884187A187F180D
:10B780008518E50C801810018D18CA0B901831042B
:10B7900094188B189118931895188E188C18060405
:10B7A00030028A1892188818891886189F189C18D1
:10B7B0009B188F18090996189E1851079818A018F9
:10B7C000A2189D189718A418A318D806A718A91886
:10B7D0009A18AA18A518A8189918A618AB18AD1881
:10B7E000A118AC18AE18D60BB118660FB218B01865
:10B7F0001309AF18B318B4189701E616B518B618A0
:10B80000270C0319E50BEF0B590C8F0BFB04400CB5
:10B81000ED0346129D0CFF17D400AA0000184D0935
:10B820003D015F0FEE090118270E021817190318C2
:10B83000430D04181F0018191919D301F007620AE3
:10B84000030CE50A0518600F78006F0BF302071868
:10B850000818DE006E06610E061809180B18630F33
:10B86000BC0C3A0D1A19E8081B190A180C18C40563
:10B870000D18111813180E185E09F607DE06A90335
:10B880001018121880031818E1035C001618151818
:10B890000F18171814181B09CF0A1A189213191821
:10B8A0001B181C18A60B1C1918051D181E185A0B5E
:10B8B000850C38180103C204880393033207BE09BC
:10B8C0009315FF05780594159515961597159815F8
:10B8D00099159A15EC04B019B219B319B1190705E5
:10B8E000B4197C01B519B6191916510C570FB719AF
:10B8F000DD16A70D370D830AAF099513B819320568
:10B900001C08700F8D043C020B03FE086C04710FC1
:10B91000720F7D0AF208730F7008320CC40C330CDE
:10B920008E04D7044D04740F750F450C760F0C0C64
:10B930008202D606180ADE027509B4027A05F70DEE
:10B94000770F780F3308980EA1099E0D280AE40D91
:10B95000790F320EA1017B0F7A0FC60C7C0F7D0F81
:10B960007E0FBF097F0F9609800F810F4801420E9D
:10B97000820F1904E301830F840F9B032C0CC30C6B
:10B98000850F1203AB0B0A01860F870F10053F0BC3
:10B99000280D880F560B890F0E0D4E048A0FFE09D5
:10B9A000190A8B0FBC08410E8C0FCA0754028D0F69
:10B9B000BD02AF058E0F8F0FF609900F2C02910F6D
:10B9C0005F066C0E920F5F0AC50C6807930F320278
:10B9D0003A04940FD20B950F960F200B970F980FE8
:10B9E000990F12019C0F9A0F650C9B0F2E079D0F4C
:10B9F0009E0F9F0FA00FDA0B800C5800A10F7C0840
:10BA0000A20F1C05FA06A30FA40F56075E0AA50F86
:10BA1000A60FFD054A08A70FA80F8508A90FAA0FB2
:10BA2000750356044C024F195019E80A6E19E915AE
:10BA3000B40B2804CB033C0D3612A91967000D0185
:10BA4000AA19AC19DC03AB190B07AE19AD197100BB
:10BA5000DF0D09035E03E100870D8E0B3B00C00D77
:10BA60005E041D0EA802570A29089E0067034F0EA8
:10BA70008E039202C10485158615A00AA0038715BE
:10BA8000D2010C07C202E30388158B0D89159D04B2
:10BA900048048A157B06B306760D7B0E8B158C1534
:10BAA0008F158D158E156B09020357029015D50958
:10BAB0005A09A4019412F7079115F405690E92151D
:10BAC0005D0E2B09E20EDC0E750D900D5109E70C91
:10BAD000220359016F094D19E0034E19900E4819C0
:10BAE000FF02C90D1E0363083C0149192501540DCD
:10BAF000C8084B194A19720AD3084C19940ED40776
:10BB000075197019781977190D0E7619550D79195F
:10BB100081192E002D027E197F19F1077A197B19E0
:10BB20007C19801963057D19490385198819C80591
:10BB30009F0371198219B2069F0AC00483198419E0
:10BB40008619780287198A1972198919F40C650106
:10BB50004B0A8B198C1964058D19860A9019E3001C
:10BB60008A0E8E198F19911997199519941992198E
:10BB70009619931999199A198A0A9413ED0198192B
:10BB80009D194A0A9B199C19731981007419FA01AD
:10BB9000FF00A1199E196A02A2199F19A019B101EB
:10BBA000810DA3197201A419A619A519A719A8191D
:10BBB0007A095703CC087602700A51152E01950DAB
:10BBC0009903180C3A155B0E3B15D1061C09EF03BF
:10BBD0003C153D153E15340E3F15401542154115D7
:10BBE00043154415B20845156F0D4615F304471566
:10BBF0004815F4044915F7025B064A156F003D0429
:10BC0000A2034B154C154D154E15E9027404CF09CE
:10BC1000CD11460D7E0BAC0D4F15D30D5015E00B1D
:10BC200069039E019600F005A300A400A50036015B
:10BC3000170996139C006606C6017908110D6C0859
:10BC4000350CAA03F006E60C620D21059713A60237
:10BC500098132204D70D1D054D0D080B49065201FE
:10BC60009D0A9B1399139D139F139C1304023B0879
:10BC700031029A13E1099E132D0782006A04680EAF
:10BC8000D00A160AB5097A0AA113A0139D071E0C43
:10BC9000340CA213A513BD0A430EA4131202C30A47
:10BCA000A6134D02AD0A9103B0094A01220A830D81
:10BCB000A713DB02A313AA13D501AB13A813A9136F
:10BCC000B80CDA0683001B0D7002350AAC132F0D79
:10BCD000A6008702AF13AD13AE13F501A00CB1138C
:10BCE000B313B21383087E0CB013790DCF0DB513C7
:10BCF000A20EB6139900780CB713B913B813BA1380
:10BD0000B30C00027014C00FC30FC10FC20FC50FD8
:10BD1000EE0B7E074D00CF0BC40F030DB503CB0F09
:10BD2000C208C70FC60F6809C80FCA0F8F0EC90F08
:10BD30007706CE0F2D0DD00FCD0FD10FE1040806E1
:10BD4000CC0FCF0FF60DD20FD60FD70FD50FCD03D7
:10BD50008505D40FD30F5E0DDA00D80FA603D90FD7
:10BD60003401DB014F02DA0F8802DB0F8600DD0FA2
:10BD7000DC0FDE0FE00FDF0FE10FE20FE30F080D26
:10BD80005119C608740EF907531954195219490567
:10BD90000E0CC402640D510A57195619B3035519F4
:10BDA0001F0A591911066301AF0A5A195819D90403
:10BDB0005D195E19F2041107C2052A0A5F195B19A1
:10BDC0005C19A707611993019E0EAE0160196319F2
:10BDD00062196419F00B2A07D808651966196719E2
:10BDE000681969196A196C196B196D19E4000D0D40
:10BDF000B8092E062B0E8B0C5C061505F902BF0444
:10BE0000D919DA19DB19DC19DD19DF19DE195A1A0B
:10BE1000E019E119E716E816E916E00D3702EB160E
:10BE2000EA16EC16ED167608EE16EF16A1022B02B6
:10BE3000F016F216F1161503F316F416F5166E0247
:10BE40002701260E7D0772002503F616F716560DFC
:10BE5000A6087E053C0B6003F916F816FB16FA16C9
:10BE6000BA07FC16FD167F08FE168008FF16C200F2
:10BE7000001701170217031704179B0E0517061763
:10BE80009F040717040DA10AC70082060817770848
:10BE9000060709170A170B170C170D170E170F17A0
:10BEA000101711171217131714171517171716173E
:10BEB0001817B20ABC0619171A171B17960D1C176C
:10BEC000740B1D171E171F17201722172117231772
:10BED0004403530724172517E7049A0C1401261767
:10BEE00027172817D30C2917500E2A173F082B178E
:10BEF0002C1751062D17BB0B410A2F172E17730154
:10BF0000A50330173117010C32173317D702DE0B98
:10BF10003417351736172009870A37173817391796
:10BF20003A173B17D50D3C17C40103073D173E17C1
:10BF30003F174017600B4117DB068F01670E1A058C
:10BF4000880B44174217431745173A02C304650587
:10BF50002507461747174817501749174A174B1711
:10BF60009308721760024C174D174E1759021707A6
:10BF70004F17511752175317E70D5417AE075517A0
:10BF8000AF075617571733035600581759175A1744
:10BF90005B175C175D175E175F1738056217601730
:10BFA0006117631764176A066517661767176817BE
:10BFB00069176A176B176C176D1717066E174A0605
:10BFC0006F1770177117A30B1D011E07DE124E09A4
:10BFD000DF1292002D0B8A012109E012910BE11270
:10BFE000AB04E212E3121F07970D8D079803280B8D
:10BFF000E4124F07E51298024203DD03E612E7124E
:10C000005B0DE812E912480CEA12EB12EC12ED1289
:10C01000530CEE121601FA05EF12EA05F012F112B6
:10C02000F212F312F4120603AD0F6602AF0FAE0F59
:10C03000B10F1D09B00FB102710CD00CE80DFC045A
:10C04000990EB30FB20F0100D80AB40F0C0391047C
:10C05000B8069F063B01B50FA5066707DA049F0BDC
:10C06000B60F4F099A00B70F4B02510D7601B80F6A
:10C07000600D960BF807B90FBA0FBB0F87067C0A45
:10C080009E0B200D9C06BC0F2E0ABD0F2F0AD90C4B
:10C090004303BE0F0E00770BC40D360ABF0FDD122F
:10C0A0004206D219D319D4198807E708600CFA0B95
:10C0B000420C76047A0375179D01F30CD5197401AF
:10C0C000D6192602D819230DBA19260CBC19BB198A
:10C0D000800616065F00500B070CBE19B70BBD1982
:10C0E000E50DBF1912075D04C119C0199507750642
:10C0F000F3097D0BC219C319C419B10633000E0828
:10C10000C519B108B9193B0535051A02B802A005D1
:10C110002B073F07DB0E3E031E05220C2F00211AC2
:10C12000221ACB0B0F00231A241A251A9B0852053A
:10C13000281A271A9B00261A291A2A1A070BFC0804
:10C14000B603A714A814A9144505CF0C660D6509FC
:10C150008E0C3802BB083918AF0BFC090A0C80148E
:10C16000EC0A78036C023A184300150A3B183B0DA1
:10C17000A8068906370834053C189C043D183E186B
:10C180003F189E0C2808CC0A4018EA0CA605890A1C
:10C1900041184218520C81024318441814024518E1
:10C1A0004618170147184818D608D8021016111655
:10C1B00012161316210814161516BA029E097312C8
:10C1C000401A411AE800421A441A431A76126904C6
:10C1D0007712781279127A127B127C12AA02D60C8C
:10C1E000C904B9096200100A7D128F02F3087E1299
:10C1F000ED04BA007F1289028012900781129B0B16
:10C200008A038212E00583121101841290068512BE
:10C210008612F306871288128912C209C70E520FBE
:10C22000A40B84173710E8063D0DD90A2E0C5401D3
:10C23000CE08D000BA061314A60914141514570515
:10C240001614550EDA0A1814A404171419141A1423
:10C25000E906E3041B14E106B2031C141D144B0190
:10C26000660C86051E1462081F1420142114200871
:10C27000221434092314241425148E13261427148D
:10C28000DD06281429143B0E2A142B1474032C1ACF
:10C290002B1A2F1A2D1AAC03301A311A331A321AEC
:10C2A000351A341A361A371A381A310A2E03451A33
:10C2B000461A471A491A4B1A481A4C1A4A1A880E33
:10C2C0004D1A4E1A4F1A501A511AF40FB90ECC13B8
:10C2D0009A03DE0553043A1A3A08391A3B1A3D1AF2
:10C2E0003C1A3E1A1D0B3F1A5E071C0DE219AE06E2
:10C2F000E319E419E519E619E719E9196800EA19DB
:10C30000EB19EC19ED19EE19EF19F019F1198B0B66
:10C31000F219F319F419F519F619F7192F06F81986
:10C32000F919FA19FB19FC19FD19FE19FF19001A60
:10C33000011A021A031A041A051A061A071A2B05FB
:10C34000081A091A0A1A0B1A29090C1A0D1A0E1AB8
:10C350000F1A101A111A121A131A141A151A161A79
:10C36000171A181A191AAB001A1A1B1A1C1A1D1AB6
:10C370001E1A78061F1A201AA8078E176D048F1729
:10C380005207CD07380C90179117921793179417EF
:10C39000390C690C961795173E0DD70A9717991700
:10C3A00098179A179B173A039C17F3039D179E172C
:10C3B0006C059F177F02A017A117A217A317E40807
:10C3C000A417A517A6170908A717A817A9172E1AA3
:10C3D000AA17AB17AC17AD17AE17E203AF17B0171C
:10C3E000B117B217B317B417B517B717DE0CB617D6
:10C3F000B8176F19B406551A561A571A581A591AF7
:10C40000AF065B1A5C1AEE0647194619E406521A83
:10C41000531A2F04510FDD0927068317E5037E0801
:10C4200063075D1A5E1A5F1A611A601A621A651A4A
:10C43000641A631A661A671AAE16AF16B016CF19C9
:10C44000D019D1193902CD0E7103CA0E3810DE0988
:10C45000681A691A6A1A6C1A6B1A84006D1A6E1AB5
:10C460006F1A5E081B165601C619C7198106C8192E
:10C47000C919CA19CB19CC19CD19D208CE199706EA
:10C480005503AD1697034C0F0040404040404040DC
:10C490004040414141414140404040404040404097
:10C4A000404040404040404040050202020202023B
:10C4B000020202020202020202202020202020208A
:10C4C000202020020202020202029090909090909E
:10C4D000101010101010101010101010101010105C
:10C4E00010101010020202020202888888888888D0
:10C4F00008080808080808080808080808080808BC
:10C5000008080808020202024000000089C400086E
:10C5100030C50008000000207C000000B446000880
:10C52000ACC500087C000020F40C0000C4460008E4
:10C530000000000010000000010000000024F400D2
:10C54000AED580A83FD30040A1C8DA1281CFD9F17F
:10C55000DB40A4A68D14AF00C5F8CF42568CF6413F
:10C56000BFF8CF42198CF641BFF8CF42178CF64185
:10C570008FF8CF42548CF6410000000000A000006C
:10C58000000000000000000010000000000020007B
:10C5900000000000400000000000800000000000DB
:0CC5A0000000000000000000000000008F
:040000050800018965
:00000001FF
